-- MySQL dump 10.13  Distrib 5.6.24, for Win64 (x86_64)
--
-- Host: localhost    Database: ibam
-- ------------------------------------------------------
-- Server version	5.6.22-log

/*!40101 SET @OLD_CHARACTER_SET_CLIENT=@@CHARACTER_SET_CLIENT */;
/*!40101 SET @OLD_CHARACTER_SET_RESULTS=@@CHARACTER_SET_RESULTS */;
/*!40101 SET @OLD_COLLATION_CONNECTION=@@COLLATION_CONNECTION */;
/*!40101 SET NAMES utf8 */;
/*!40103 SET @OLD_TIME_ZONE=@@TIME_ZONE */;
/*!40103 SET TIME_ZONE='+00:00' */;
/*!40014 SET @OLD_UNIQUE_CHECKS=@@UNIQUE_CHECKS, UNIQUE_CHECKS=0 */;
/*!40014 SET @OLD_FOREIGN_KEY_CHECKS=@@FOREIGN_KEY_CHECKS, FOREIGN_KEY_CHECKS=0 */;
/*!40101 SET @OLD_SQL_MODE=@@SQL_MODE, SQL_MODE='NO_AUTO_VALUE_ON_ZERO' */;
/*!40111 SET @OLD_SQL_NOTES=@@SQL_NOTES, SQL_NOTES=0 */;

--
-- Table structure for table `application`
--

DROP TABLE IF EXISTS `application`;
/*!40101 SET @saved_cs_client     = @@character_set_client */;
/*!40101 SET character_set_client = utf8 */;
CREATE TABLE `application` (
  `app_id` int(11) NOT NULL,
  `app_name` varchar(50) DEFAULT NULL,
  `capability_id` int(11) DEFAULT NULL,
  PRIMARY KEY (`app_id`),
  KEY `FK_CAPABILITY_ID_idx` (`capability_id`),
  CONSTRAINT `FK_CAPABILITY_ID` FOREIGN KEY (`capability_id`) REFERENCES `capability` (`capability_id`) ON DELETE NO ACTION ON UPDATE NO ACTION
) ENGINE=InnoDB DEFAULT CHARSET=utf8;
/*!40101 SET character_set_client = @saved_cs_client */;

--
-- Dumping data for table `application`
--

LOCK TABLES `application` WRITE;
/*!40000 ALTER TABLE `application` DISABLE KEYS */;
INSERT INTO `application` VALUES (1,'AP PDM',3),(2,'AP PPS',3),(3,'BML',3),(4,'CDB',4),(5,'CPS Pub',1),(6,'DSS',3),(7,'EQ PDM',3),(8,'FW PDM',3),(9,'FW MatSup',3),(10,'FW PPS',3),(11,'Image',NULL),(12,'Innovation DB',3),(13,'Integrity',3),(14,'Library',2),(15,'Manfred',3),(16,'MMX',1),(17,'MMX Access',1),(18,'MMX Analytics',1),(19,'MTM',1),(20,'PIM',2),(21,'SMS',3),(22,'UPA',4),(23,'VS2',3);
/*!40000 ALTER TABLE `application` ENABLE KEYS */;
UNLOCK TABLES;

--
-- Table structure for table `business_event`
--

DROP TABLE IF EXISTS `business_event`;
/*!40101 SET @saved_cs_client     = @@character_set_client */;
/*!40101 SET character_set_client = utf8 */;
CREATE TABLE `business_event` (
  `business_event_id` int(11) NOT NULL AUTO_INCREMENT,
  `capability_id` int(11) DEFAULT NULL,
  `season_id` int(11) DEFAULT NULL,
  `event_name` varchar(100) DEFAULT NULL,
  `event_end_date` date DEFAULT NULL,
  `event_end_date_display` date DEFAULT NULL,
  PRIMARY KEY (`business_event_id`),
  KEY `capability_event_fk_idx` (`capability_id`),
  KEY `season_event_fk_idx` (`season_id`),
  CONSTRAINT `capability_event_fk` FOREIGN KEY (`capability_id`) REFERENCES `capability` (`capability_id`) ON DELETE NO ACTION ON UPDATE NO ACTION,
  CONSTRAINT `season_event_fk` FOREIGN KEY (`season_id`) REFERENCES `seasons` (`season_id`) ON DELETE NO ACTION ON UPDATE NO ACTION
) ENGINE=InnoDB AUTO_INCREMENT=5 DEFAULT CHARSET=utf8 COMMENT='List Of Business Events';
/*!40101 SET character_set_client = @saved_cs_client */;

--
-- Dumping data for table `business_event`
--

LOCK TABLES `business_event` WRITE;
/*!40000 ALTER TABLE `business_event` DISABLE KEYS */;
INSERT INTO `business_event` VALUES (4,2,4,'SP17_GTM_Ready_Event','2016-04-10','2016-03-11');
/*!40000 ALTER TABLE `business_event` ENABLE KEYS */;
UNLOCK TABLES;

--
-- Table structure for table `capability`
--

DROP TABLE IF EXISTS `capability`;
/*!40101 SET @saved_cs_client     = @@character_set_client */;
/*!40101 SET character_set_client = utf8 */;
CREATE TABLE `capability` (
  `capability_id` int(11) NOT NULL,
  `capability_desc` varchar(50) DEFAULT NULL,
  PRIMARY KEY (`capability_id`)
) ENGINE=InnoDB DEFAULT CHARSET=utf8;
/*!40101 SET character_set_client = @saved_cs_client */;

--
-- Dumping data for table `capability`
--

LOCK TABLES `capability` WRITE;
/*!40000 ALTER TABLE `capability` DISABLE KEYS */;
INSERT INTO `capability` VALUES (1,'Line Planning'),(2,'Digital Product Asset Excellence'),(3,'Make The Product'),(4,'Product Connectivity');
/*!40000 ALTER TABLE `capability` ENABLE KEYS */;
UNLOCK TABLES;

--
-- Table structure for table `category`
--

DROP TABLE IF EXISTS `category`;
/*!40101 SET @saved_cs_client     = @@character_set_client */;
/*!40101 SET character_set_client = utf8 */;
CREATE TABLE `category` (
  `category_id` int(11) NOT NULL,
  `category_name` varchar(45) DEFAULT NULL,
  PRIMARY KEY (`category_id`)
) ENGINE=InnoDB DEFAULT CHARSET=utf8;
/*!40101 SET character_set_client = @saved_cs_client */;

--
-- Dumping data for table `category`
--

LOCK TABLES `category` WRITE;
/*!40000 ALTER TABLE `category` DISABLE KEYS */;
INSERT INTO `category` VALUES (1,'LICENSEE EQUIPMENT'),(2,'ACTION OUTDOOR'),(3,'ENTRY'),(4,'NIKE SPORTSWEAR'),(5,'HATS/CAPS'),(6,'JORDAN'),(7,'JORDAN'),(8,'JORDAN ACCESSORIES'),(9,'LICENCED'),(10,'MISC LICENSED'),(11,'NFL FOOTBALL'),(12,'NFL FOOTBALL'),(13,'NTS'),(14,'OUTDOOR'),(15,'RAW MATERIALS'),(16,'POSTERS'),(17,'RUGBY'),(18,'SMU'),(19,'SPORT GRAPHICS'),(20,'RETAIL POSTERS'),(21,'SWIM'),(22,'T.C.'),(23,'TEAM'),(24,'TEAM ACCESSORIES'),(25,'RUNNING'),(26,'ACG'),(27,'ACG'),(28,'TRAINING'),(29,'VOLLEYBALL'),(30,'VOLLEYBALL'),(31,'SKATE'),(32,'SKATE'),(33,'TECH TRAINING'),(34,'SOCKS'),(35,'TIMING'),(36,'VISION'),(37,'TECHLAB'),(38,'FUNDAMENTALS'),(39,'MISC APPAREL'),(40,'SKATEBOARD'),(41,'NTS FOOTBALL'),(42,'NTS BASKETBALL'),(43,'NTS BASEBALL'),(44,'NTS HOCKEY'),(45,'NTS TRAINING'),(46,'SOURCETYPE PLACEHOLDER'),(47,'WHITE LABEL'),(48,'URBAN'),(49,'PRESTO'),(50,'JORDAN TWO3'),(51,'TEAM BASKETBALL'),(52,'TEAM RUGBY'),(53,'HASH'),(54,'FLEECE'),(55,'KNITS'),(56,'OUTERWEAR JACKETS'),(57,'T-SHIRTS'),(58,'WARM-UP SUITS'),(59,'WOVENS'),(60,'KIDS LICENSEE'),(61,'BODYWEAR'),(62,'SKIRTS & DRESSES'),(63,'SRT FLEECE'),(64,'SRT KNITS'),(65,'SRT T-SHIRTS'),(66,'SRT WARM-UP SUITS'),(67,'SRT WOVENS'),(68,'SWEATERS'),(69,'SUPPORT'),(70,'SRT BODYWEAR'),(71,'SRT SKIRTS & DRESSES'),(72,'SRT TOTAL CONDITIONING'),(73,'WHITE LABEL (FUSION)'),(74,'SRT RUNNING'),(75,'SRT STUDIO'),(76,'SRT TECH TRAINING'),(77,'JORDAN BRANDED'),(78,'SKATEBOARDING'),(79,'CODE'),(80,'SRT BASKETBALL'),(81,'SRT OUTWEAR JACKETS'),(82,'STUDIO'),(83,'MATERNITY'),(84,'ACTIVE OTHER'),(85,'JORDAN SPORT'),(86,'SRT ACTIVE'),(87,'SRT ACTIVE OTHER'),(88,'SRT HISTORICAL'),(89,'BRANDED HISTORY'),(90,'BSSA TEAM'),(91,'FACTORY OUTLET STORE'),(92,'NIKE ELITE'),(93,'SNOWBOARDING'),(94,'RUNNING TEAMSPORT'),(95,'IHF HOCKEY'),(96,'BEACON'),(97,'ATHLETIC TRAINING'),(98,'PLACEHOLDER SRT'),(99,'TEAM LICENSED'),(100,'TRAINING FUNDAMENTALS'),(101,'BASKETBALL LICENSED'),(102,'BASKETBALL TEAMSPORT'),(103,'FIELD SPORTS LICENSED'),(104,'FIELD SPORTS TEAMSPORT'),(105,'FOOTBALL/SOCCER LICENSED'),(106,'FOOTBALL/SOCCER OFF PRICE'),(107,'FOOTBALL/SOCCER SPORTSWEAR'),(108,'FOOTBALL/SOCCER TEAMSPORT'),(109,'FOOTBALL/SOCCER TRAINING'),(110,'JORDAN CORE'),(111,'JORDAN GRAPHIC TEES'),(112,'JORDAN LICENSEE'),(113,'JORDAN OFF COURT'),(114,'NIKE 6.0'),(115,'NYX'),(116,'OTHER LICENSED'),(117,'OTHER TEAMSPORT'),(118,'RUNNING LICENSED'),(119,'SPORTS INSPIRED LICENSED'),(120,'SPORTS INSPIRED OFF PRICE'),(121,'SPORTS INSPIRED TEAMSPORT'),(122,'TRAINING LICENSED'),(123,'TRAINING OFF PRICE'),(124,'TRAINING TEAMSPORT'),(125,'FOOTBALL/SOCCER RIP'),(126,'TENNIS LICENSED'),(127,'RUGBY TEAMSPORT'),(128,'CYCLING LICENSED'),(129,'FIELD SPORTS RIP'),(130,'AUTHENTIC FOOTBALL'),(131,'SPORTSWEAR'),(132,'SMALL SIDED GAME'),(133,'ENGLAND'),(134,'UMBRO'),(135,'FOOTBALL TEAMSPORT'),(136,'FOOTBALL TRAINING'),(137,'SRT-HISTORY'),(138,'TACKONS AFRICA'),(139,'SPORT TRAINING'),(140,'TECHNETICS'),(141,'AMS PROMO ORG'),(142,'NTS SOCCER'),(143,'NIKE ONE'),(144,'PERFORMANCE OUTERWEAR'),(145,'BASKETBALL SIGNATURE'),(146,'JORDAN LIFESTYLE'),(147,'JORDAN TRAINING'),(148,'SPEEDSKATING'),(149,'PLACEHOLDER ACTIVE'),(150,'ACTIVE COLLECTIONS'),(151,'PLACEHOLDER PERFORMANCE'),(152,'PLACEHOLDER WHITE LABEL'),(153,'PLACEHOLDER ACG'),(154,'METRO'),(155,'SPORTS INSPIRED'),(156,'MOBILITY'),(157,'NIKE PRO'),(158,'WHITE LABEL ELITE'),(159,'ATHLETIC'),(160,'BEACH SPORT'),(161,'CLUB FOOTBALL'),(162,'CONCEPTS'),(163,'EDGE'),(164,'FOOTBALL ACTIVE'),(165,'GRAPHIC TEES'),(166,'HEADWEAR'),(167,'PLACEHOLDER JORDAN'),(168,'PRO SPORTS'),(169,'SEASON SPORTS'),(170,'SNOW'),(171,'SPORT OTHER'),(172,'SPORT OUTERWEAR'),(173,'SPORT STYLE'),(174,'SRT SPORT OTHER'),(175,'TEAM FOOTBALL/SOCCER'),(176,'TECH BASICS'),(177,'TRAIL'),(178,'TREND'),(179,'URBAN SPORTS'),(180,'VALUE'),(181,'INDIE'),(182,'TEAM BASEBALL'),(183,'GLOBAL OUTERWEAR'),(184,'SRT QUICK TURNS'),(185,'SRT FITNESS'),(186,'DANCE'),(187,'CARDIO'),(188,'YOGA'),(189,'URBAN KNITS'),(190,'URBAN FLEECE'),(191,'URBAN HATS/CAPS'),(192,'URBAN OTHER ACCESSORIES'),(193,'URBAN SWEATERS'),(194,'URBAN T-SHIRTS'),(195,'URBAN WOVENS'),(196,'TEAM FOOTBALL'),(197,'GYM TRAINING'),(198,'TEAM TRAINING'),(199,'MDS TECH TRAINING'),(200,'EQUIPMENT COLE HAAN'),(201,'JORDAN NFO'),(202,'LICENSED SOCCER'),(203,'LEBRON'),(204,'BRS'),(205,'FITNESS TRAINING'),(206,'ATHLETIC VALUE'),(207,'FOOTBALL CULTURE'),(208,'CRICKET'),(209,'SPORTS ACC.'),(210,'MDS SPORT'),(211,'CHINA LICENSED'),(212,'COLLECTIBLES'),(213,'MY FAVORITES'),(214,'NIKE CLASSIC'),(215,'NIKE SIGNATURE'),(216,'NIKE SOUL'),(217,'SWIFT STYLE'),(218,'ENERGY'),(219,'AUTHENTIC'),(220,'ESSENTIALS'),(221,'GLOBAL'),(222,'OTHERS'),(223,'MENS BASKETBALL'),(224,'PERFORMANCE UNDERWEAR'),(225,'NTS LACROSSE'),(226,'FOOTBALL SPORT PERFORMANCE'),(227,'FOOTBALL SPORT CULTURE'),(228,'BASKETBALL'),(229,'BASKETBALL'),(230,'TENNIS'),(231,'SOCCER'),(232,'SOCCER'),(233,'GOLF'),(234,'GOLF'),(235,'HOCKEY'),(236,'FITNESS'),(237,'FITNESS'),(238,'OTHER'),(239,'BRANDED ATHLETIC'),(240,'ACTION SPORTS'),(241,'AUTH. REPLICA'),(242,'BAGS'),(243,'BASEBALL'),(244,'BASEBALL'),(245,'BLANKS'),(246,'BRANDED'),(247,'COLLEGE BASKETBALL'),(248,'CYCLING'),(249,'EQUIPMENT ACCESSORIES'),(250,'FACTORY STORES'),(251,'FOOTBALL'),(252,'FOOTBALL'),(253,'FOOTBALL/SOCCER'),(254,'GLOVES'),(255,'HANDBALL'),(256,'LBJ'),(257,'BASKETBALL OFF PRICE'),(258,'FIELD SPORTS OFF PRICE'),(259,'TENNIS OFF PRICE'),(260,'SPARQ'),(261,'ATHLETIC DEPARTMENT'),(262,'FIELD SPORTS'),(263,'FOOTBALL/SOCCER FANWEAR'),(264,'RUNNING OFF PRICE'),(265,'ATHLETIC TRAINING OFF PRICE'),(266,'LICENSEE'),(267,'BRANDED ACTION'),(268,'MOBILITY BASELAYERS'),(269,'QUICK TURN PLACEHOLDER'),(270,'WOMENS TRAINING OFF PRICE'),(271,'RUGBY LICENSED'),(272,'JORDAN PERF BBALL'),(273,'JORDAN LEGACY'),(274,'HURLEY LIFESTYLE'),(275,'HURLEY LIFESTYLE'),(276,'HURLEY PERFORMANCE'),(277,'HURLEY PERFORMANCE'),(278,'SPECIAL MAKE UPS'),(279,'US OLYMPICS'),(280,'WOMENS TRAINING'),(281,'ACTION SPORTS OFF PRICE'),(282,'JORDAN FACTORY STORE'),(283,'AMERICAN FOOTBALL OFFPRICE'),(284,'NIKE SB'),(285,'JORDAN OFF CRT BBALL'),(286,'EXPRESS TENNIS');
/*!40000 ALTER TABLE `category` ENABLE KEYS */;
UNLOCK TABLES;

--
-- Table structure for table `event_gtm_ready`
--

DROP TABLE IF EXISTS `event_gtm_ready`;
/*!40101 SET @saved_cs_client     = @@character_set_client */;
/*!40101 SET character_set_client = utf8 */;
CREATE TABLE `event_gtm_ready` (
  `business_event_id` int(11) DEFAULT NULL,
  `style_number` varchar(45) DEFAULT NULL,
  `style_name` varchar(100) DEFAULT NULL,
  `publish_status` varchar(45) DEFAULT NULL,
  `lineart_status` varchar(45) DEFAULT NULL,
  `division` varchar(45) DEFAULT NULL,
  `marketing_type` varchar(45) DEFAULT NULL,
  `category_name` varchar(100) DEFAULT NULL,
  `development_team` varchar(100) DEFAULT NULL,
  `product_code` varchar(45) DEFAULT NULL,
  `mo_id` varchar(45) DEFAULT NULL,
  `user_id` varchar(45) DEFAULT NULL,
  `gtm_event_id` int(11) NOT NULL AUTO_INCREMENT,
  PRIMARY KEY (`gtm_event_id`),
  KEY `business_event_id_fk_idx` (`business_event_id`),
  CONSTRAINT `business_event_id_fk` FOREIGN KEY (`business_event_id`) REFERENCES `business_event` (`business_event_id`) ON DELETE NO ACTION ON UPDATE NO ACTION
) ENGINE=InnoDB AUTO_INCREMENT=1280 DEFAULT CHARSET=utf8 COMMENT='Contains data related to GTM ready business event\n';
/*!40101 SET character_set_client = @saved_cs_client */;

--
-- Dumping data for table `event_gtm_ready`
--

LOCK TABLES `event_gtm_ready` WRITE;
/*!40000 ALTER TABLE `event_gtm_ready` DISABLE KEYS */;
INSERT INTO `event_gtm_ready` VALUES (4,'800091','KYRIE M HYPERELITE SHORT','IN WORK','','','','BASKETBALL','','800091-010','677768','isonne',1),(4,'800092','AS KYRIE M HYPERELITE SHORT','IN WORK','','','','BASKETBALL','','800092-010','677768','isonne',2),(4,'800091','KYRIE M HYPERELITE SHORT','IN WORK','','','','BASKETBALL','','800091-677','677768','isonne',3),(4,'800092','AS KYRIE M HYPERELITE SHORT','IN WORK','','','','BASKETBALL','','800092-677','677768','isonne',4),(4,'800091','KYRIE M HYPERELITE SHORT','IN WORK','','','','BASKETBALL','','800091-451','677768','isonne',5),(4,'800092','AS KYRIE M HYPERELITE SHORT','IN WORK','','','','BASKETBALL','','800092-451','677768','isonne',6),(4,'800065','KD M NK DRY HPRELT SHORT','IN WORK','','','','BASKETBALL','','800065-422','677763','isonne',7),(4,'800066','AS KD M NK DRY HPRELT SHORT','IN WORK','','','','BASKETBALL','','800066-422','677763','isonne',8),(4,'800065','KD M NK DRY HPRELT SHORT','IN WORK','','','','BASKETBALL','','800065-392','677763','isonne',9),(4,'800066','AS KD M NK DRY HPRELT SHORT','IN WORK','','','','BASKETBALL','','800066-392','677763','isonne',10),(4,'800065','KD M NK DRY HPRELT SHORT','IN WORK','','','','BASKETBALL','','800065-508','677763','isonne',11),(4,'800066','AS KD M NK DRY HPRELT SHORT','IN WORK','','','','BASKETBALL','','800066-508','677763','isonne',12),(4,'800067','KD M SHORT','IN WORK','','','','BASKETBALL','','800067-464','677764','isonne',13),(4,'800068','AS KD M SHORT','IN WORK','','','','BASKETBALL','','800068-464','677764','isonne',14),(4,'800067','KD M SHORT','IN WORK','','','','BASKETBALL','','800067-508','677764','isonne',15),(4,'800068','AS KD M SHORT','IN WORK','','','','BASKETBALL','','800068-508','677764','isonne',16),(4,'800067','KD M SHORT','IN WORK','','','','BASKETBALL','','800067-392','677764','isonne',17),(4,'800068','AS KD M SHORT','IN WORK','','','','BASKETBALL','','800068-392','677764','isonne',18),(4,'800089','KYRIE M ELITE PO HOODIE','IN WORK','','','','BASKETBALL','','800089-032','677767','isonne',19),(4,'800090','AS KYRIE M ELITE PO HOODIE','IN WORK','','','','BASKETBALL','','800090-032','677767','isonne',20),(4,'800091','KYRIE M HYPERELITE SHORT','IN WORK','','','','BASKETBALL','','800091-065','677768','isonne',21),(4,'800092','AS KYRIE M HYPERELITE SHORT','IN WORK','','','','BASKETBALL','','800092-065','677768','isonne',22),(4,'800111','LBJ M MVP HOODED SHOOTER','IN WORK','','','','BASKETBALL','','800111-842','677778','isonne',23),(4,'800112','AS LBJ M MVP HOODED SHOOTER','IN WORK','','','','BASKETBALL','','800112-842','677778','isonne',24),(4,'800111','LBJ M MVP HOODED SHOOTER','IN WORK','','','','BASKETBALL','','800111-032','677778','isonne',25),(4,'800112','AS LBJ M MVP HOODED SHOOTER','IN WORK','','','','BASKETBALL','','800112-032','677778','isonne',26),(4,'800111','LBJ M MVP HOODED SHOOTER','IN WORK','','','','BASKETBALL','','800111-151','677778','isonne',27),(4,'800112','AS LBJ M MVP HOODED SHOOTER','IN WORK','','','','BASKETBALL','','800112-151','677778','isonne',28),(4,'800111','LBJ M MVP HOODED SHOOTER','IN WORK','','','','BASKETBALL','','800111-046','677778','isonne',29),(4,'800112','AS LBJ M MVP HOODED SHOOTER','IN WORK','','','','BASKETBALL','','800112-046','677778','isonne',30),(4,'800111','LBJ M MVP HOODED SHOOTER','IN WORK','','','','BASKETBALL','','800111-065','677778','isonne',31),(4,'800112','AS LBJ M MVP HOODED SHOOTER','IN WORK','','','','BASKETBALL','','800112-065','677778','isonne',32),(4,'800119','LBJ M NK HPRELT SHORT','IN WORK','','','','BASKETBALL','','800119-003','677782','isonne',33),(4,'800120','AS LBJ M NK HPRELT SHORT','IN WORK','','','','BASKETBALL','','800120-003','677782','isonne',34),(4,'800119','LBJ M NK HPRELT SHORT','IN WORK','','','','BASKETBALL','','800119-657','677782','isonne',35),(4,'800120','AS LBJ M NK HPRELT SHORT','IN WORK','','','','BASKETBALL','','800120-657','677782','isonne',36),(4,'800119','LBJ M NK HPRELT SHORT','IN WORK','','','','BASKETBALL','','800119-021','677782','isonne',37),(4,'800120','AS LBJ M NK HPRELT SHORT','IN WORK','','','','BASKETBALL','','800120-021','677782','isonne',38),(4,'800119','LBJ M NK HPRELT SHORT','IN WORK','','','','BASKETBALL','','800119-011','677782','isonne',39),(4,'800120','AS LBJ M NK HPRELT SHORT','IN WORK','','','','BASKETBALL','','800120-011','677782','isonne',40),(4,'800133','LBJ M NP CL TGHT 3QT COMP','IN WORK','','','','BASKETBALL','','800133-657','677925','isonne',41),(4,'800133','LBJ M NP CL TGHT 3QT COMP','IN WORK','','','','BASKETBALL','','800133-060','677925','isonne',42),(4,'800133','LBJ M NP CL TGHT 3QT COMP','IN WORK','','','','BASKETBALL','','800133-023','677925','isonne',43),(4,'SX5296','WOMEN\'S DRI FIT GYM CUSHIONED','IN WORK','','','','SOCKS','','SX5296-012','679199','sneund',44),(4,'SX5296','WOMEN\'S DRI FIT GYM CUSHIONED','IN WORK','','','','SOCKS','','SX5296-404','679199','sneund',45),(4,'SX5296','WOMEN\'S DRI FIT GYM CUSHIONED','IN WORK','','','','SOCKS','','SX5296-046','679199','sneund',46),(4,'SX5296','WOMEN\'S DRI FIT GYM CUSHIONED','IN WORK','','','','SOCKS','','SX5296-100','679199','sneund',47),(4,'800143','SB EVERETT GRAPHIC FZ HOODIE','IN WORK','','','','SKATEBOARDING','','800143-364','681528','dwalk6',48),(4,'800144','AS SB EVERETT GRAPHIC FZ HOODI','IN WORK','','','','SKATEBOARDING','','800144-364','681528','dwalk6',49),(4,'800143','SB EVERETT GRAPHIC FZ HOODIE','IN WORK','','','','SKATEBOARDING','','800143-151','681528','dwalk6',50),(4,'800144','AS SB EVERETT GRAPHIC FZ HOODI','IN WORK','','','','SKATEBOARDING','','800144-151','681528','dwalk6',51),(4,'800149','SB ICON FZ HOODIE','IN WORK','','','','SKATEBOARDING','','800149-392','681543','dwalk6',52),(4,'800150','AS SB ICON FZ HOODIE','IN WORK','','','','SKATEBOARDING','','800150-392','681543','dwalk6',53),(4,'800153','SB ICON CREW FLEECE','IN WORK','','','','SKATEBOARDING','','800153-353','681675','dwalk6',54),(4,'800154','AS SB ICON CREW FLEECE','IN WORK','','','','SKATEBOARDING','','800154-353','681675','dwalk6',55),(4,'800950','SB ICON GRID FILL PO HOODIE','IN WORK','','','','SKATEBOARDING','','800950-010','681707','dwalk6',56),(4,'800951','AS SB ICON GRID FILL PO HOODIE','IN WORK','','','','SKATEBOARDING','','800951-010','681707','dwalk6',57),(4,'800950','SB ICON GRID FILL PO HOODIE','IN WORK','','','','SKATEBOARDING','','800950-801','681707','dwalk6',58),(4,'800951','AS SB ICON GRID FILL PO HOODIE','IN WORK','','','','SKATEBOARDING','','800951-801','681707','dwalk6',59),(4,'800950','SB ICON GRID FILL PO HOODIE','IN WORK','','','','SKATEBOARDING','','800950-451','681707','dwalk6',60),(4,'800951','AS SB ICON GRID FILL PO HOODIE','IN WORK','','','','SKATEBOARDING','','800951-451','681707','dwalk6',61),(4,'800950','SB ICON GRID FILL PO HOODIE','IN WORK','','','','SKATEBOARDING','','800950-392','681707','dwalk6',62),(4,'800951','AS SB ICON GRID FILL PO HOODIE','IN WORK','','','','SKATEBOARDING','','800951-392','681707','dwalk6',63),(4,'800952','SB ICON CROC PO HOODIE','IN WORK','','','','SKATEBOARDING','','800952-353','681710','dwalk6',64),(4,'800953','AS SB ICON CROC PO HOODIE','IN WORK','','','','SKATEBOARDING','','800953-353','681710','dwalk6',65),(4,'800952','SB ICON CROC PO HOODIE','IN WORK','','','','SKATEBOARDING','','800952-677','681710','dwalk6',66),(4,'800953','AS SB ICON CROC PO HOODIE','IN WORK','','','','SKATEBOARDING','','800953-677','681710','dwalk6',67),(4,'800952','SB ICON CROC PO HOODIE','IN WORK','','','','SKATEBOARDING','','800952-010','681710','dwalk6',68),(4,'800953','AS SB ICON CROC PO HOODIE','IN WORK','','','','SKATEBOARDING','','800953-010','681710','dwalk6',69),(4,'800952','SB ICON CROC PO HOODIE','IN WORK','','','','SKATEBOARDING','','800952-063','681710','dwalk6',70),(4,'800953','AS SB ICON CROC PO HOODIE','IN WORK','','','','SKATEBOARDING','','800953-063','681710','dwalk6',71),(4,'800956','SB DRI-FIT 3/4 GFX NEPPS CREW','IN WORK','','','','SKATEBOARDING','','800956-801','681722','dwalk6',72),(4,'800957','AS SB DRI-FIT 3/4 GFX NEPPS CR','IN WORK','','','','SKATEBOARDING','','800957-801','681722','dwalk6',73),(4,'800956','SB DRI-FIT 3/4 GFX NEPPS CREW','IN WORK','','','','SKATEBOARDING','','800956-151','681722','dwalk6',74),(4,'800957','AS SB DRI-FIT 3/4 GFX NEPPS CR','IN WORK','','','','SKATEBOARDING','','800957-151','681722','dwalk6',75),(4,'800964','SB LONG SLEEVE THERMAL','IN WORK','','','','SKATEBOARDING','','800964-151','681725','dwalk6',76),(4,'800965','AS SB LONG SLEEVE THERMAL','IN WORK','','','','SKATEBOARDING','','800965-151','681725','dwalk6',77),(4,'800964','SB LONG SLEEVE THERMAL','IN WORK','','','','SKATEBOARDING','','800964-063','681725','dwalk6',78),(4,'800965','AS SB LONG SLEEVE THERMAL','IN WORK','','','','SKATEBOARDING','','800965-063','681725','dwalk6',79),(4,'800964','SB LONG SLEEVE THERMAL','IN WORK','','','','SKATEBOARDING','','800964-451','681725','dwalk6',80),(4,'800965','AS SB LONG SLEEVE THERMAL','IN WORK','','','','SKATEBOARDING','','800965-451','681725','dwalk6',81),(4,'800964','SB LONG SLEEVE THERMAL','IN WORK','','','','SKATEBOARDING','','800964-010','681725','dwalk6',82),(4,'800965','AS SB LONG SLEEVE THERMAL','IN WORK','','','','SKATEBOARDING','','800965-010','681725','dwalk6',83),(4,'800969','SB HOLGATE PLAID WOVEN LS','IN WORK','','','','SKATEBOARDING','','800969-010','681726','dwalk6',84),(4,'800970','AS SB HOLGATE PLAID WOVEN LS','IN WORK','','','','SKATEBOARDING','','800970-010','681726','dwalk6',85),(4,'800969','SB HOLGATE PLAID WOVEN LS','IN WORK','','','','SKATEBOARDING','','800969-003','681726','dwalk6',86),(4,'800970','AS SB HOLGATE PLAID WOVEN LS','IN WORK','','','','SKATEBOARDING','','800970-003','681726','dwalk6',87),(4,'800969','SB HOLGATE PLAID WOVEN LS','IN WORK','','','','SKATEBOARDING','','800969-392','681726','dwalk6',88),(4,'800970','AS SB HOLGATE PLAID WOVEN LS','IN WORK','','','','SKATEBOARDING','','800970-392','681726','dwalk6',89),(4,'800973','SB HOLGATE WINTERIZED LS WOVEN','IN WORK','','','','SKATEBOARDING','','800973-021','681731','dwalk6',90),(4,'800974','AS SB HOLGATE WINTERIZD LS WVN','IN WORK','','','','SKATEBOARDING','','800974-021','681731','dwalk6',91),(4,'800973','SB HOLGATE WINTERIZED LS WOVEN','IN WORK','','','','SKATEBOARDING','','800973-010','681731','dwalk6',92),(4,'800974','AS SB HOLGATE WINTERIZD LS WVN','IN WORK','','','','SKATEBOARDING','','800974-010','681731','dwalk6',93),(4,'800973','SB HOLGATE WINTERIZED LS WOVEN','IN WORK','','','','SKATEBOARDING','','800973-451','681731','dwalk6',94),(4,'800974','AS SB HOLGATE WINTERIZD LS WVN','IN WORK','','','','SKATEBOARDING','','800974-451','681731','dwalk6',95),(4,'800982','SB WOOL COACHES JACKET','IN WORK','','','','SKATEBOARDING','','800982-071','681744','dwalk6',96),(4,'800983','AS SB WOOL COACHES JACKET','IN WORK','','','','SKATEBOARDING','','800983-071','681744','dwalk6',97),(4,'800982','SB WOOL COACHES JACKET','IN WORK','','','','SKATEBOARDING','','800982-010','681744','dwalk6',98),(4,'800983','AS SB WOOL COACHES JACKET','IN WORK','','','','SKATEBOARDING','','800983-010','681744','dwalk6',99),(4,'646191','NIKE TENNIS HEADBAND','IN WORK','','','','TENNIS','','646191-890','683061','mwhi23',100),(4,'646191','NIKE TENNIS HEADBAND','IN WORK','','','','TENNIS','','646191-524','683061','mwhi23',101),(4,'646191','NIKE TENNIS HEADBAND','IN WORK','','','','TENNIS','','646191-843','683061','mwhi23',102),(4,'646191','NIKE TENNIS HEADBAND','IN WORK','','','','TENNIS','','646191-810','683061','mwhi23',103),(4,'803767','NIKE TRAIN SPHERE BEANIE','IN WORK','','','','TRAINING','','803767-451','691440','mgalla',104),(4,'804093','AS NIKE TEE-LS JDI','IN WORK','','','','NIKE SPORTSWEAR','','804093-010','689351','hcross',105),(4,'804093','AS NIKE TEE-LS JDI','IN WORK','','','','NIKE SPORTSWEAR','','804093-091','689351','hcross',106),(4,'804093','AS NIKE TEE-LS JDI','IN WORK','','','','NIKE SPORTSWEAR','','804093-100','689351','hcross',107),(4,'804093','AS NIKE TEE-LS JDI','IN WORK','','','','NIKE SPORTSWEAR','','804093-850','689351','hcross',108),(4,'804092','NIKE TEE-LS JDI','IN WORK','','','','NIKE SPORTSWEAR','','804092-010','689351','hcross',109),(4,'804092','NIKE TEE-LS JDI','IN WORK','','','','NIKE SPORTSWEAR','','804092-091','689351','hcross',110),(4,'804092','NIKE TEE-LS JDI','IN WORK','','','','NIKE SPORTSWEAR','','804092-100','689351','hcross',111),(4,'804092','NIKE TEE-LS JDI','IN WORK','','','','NIKE SPORTSWEAR','','804092-850','689351','hcross',112),(4,'804095','AS NIKE TEE-ROSTARR NIKE','IN WORK','','','','NIKE SPORTSWEAR','','804095-850','689352','hcross',113),(4,'804095','AS NIKE TEE-ROSTARR NIKE','IN WORK','','','','NIKE SPORTSWEAR','','804095-100','689352','hcross',114),(4,'804095','AS NIKE TEE-ROSTARR NIKE','IN WORK','','','','NIKE SPORTSWEAR','','804095-404','689352','hcross',115),(4,'804095','AS NIKE TEE-ROSTARR NIKE','IN WORK','','','','NIKE SPORTSWEAR','','804095-524','689352','hcross',116),(4,'804094','NIKE TEE-ROSTARR NIKE','IN WORK','','','','NIKE SPORTSWEAR','','804094-850','689352','hcross',117),(4,'804094','NIKE TEE-ROSTARR NIKE','IN WORK','','','','NIKE SPORTSWEAR','','804094-100','689352','hcross',118),(4,'804094','NIKE TEE-ROSTARR NIKE','IN WORK','','','','NIKE SPORTSWEAR','','804094-404','689352','hcross',119),(4,'804094','NIKE TEE-ROSTARR NIKE','IN WORK','','','','NIKE SPORTSWEAR','','804094-524','689352','hcross',120),(4,'804100','AS NIKE TEE-AIRMAX 90 AOP','IN WORK','','','','NIKE SPORTSWEAR','','804100-100','689357','hcross',121),(4,'804100','AS NIKE TEE-AIRMAX 90 AOP','IN WORK','','','','NIKE SPORTSWEAR','','804100-850','689357','hcross',122),(4,'804100','AS NIKE TEE-AIRMAX 90 AOP','IN WORK','','','','NIKE SPORTSWEAR','','804100-392','689357','hcross',123),(4,'804100','AS NIKE TEE-AIRMAX 90 AOP','IN WORK','','','','NIKE SPORTSWEAR','','804100-010','689357','hcross',124),(4,'804100','AS NIKE TEE-AIRMAX 90 AOP','IN WORK','','','','NIKE SPORTSWEAR','','804100-423','689357','hcross',125),(4,'804099','NIKE TEE-BF AIRMAX 90 AOP','IN WORK','','','','NIKE SPORTSWEAR','','804099-100','689357','hcross',126),(4,'804099','NIKE TEE-BF AIRMAX 90 AOP','IN WORK','','','','NIKE SPORTSWEAR','','804099-850','689357','hcross',127),(4,'804099','NIKE TEE-BF AIRMAX 90 AOP','IN WORK','','','','NIKE SPORTSWEAR','','804099-392','689357','hcross',128),(4,'804099','NIKE TEE-BF AIRMAX 90 AOP','IN WORK','','','','NIKE SPORTSWEAR','','804099-010','689357','hcross',129),(4,'804099','NIKE TEE-BF AIRMAX 90 AOP','IN WORK','','','','NIKE SPORTSWEAR','','804099-423','689357','hcross',130),(4,'804102','AS NIKE TEE-JDI BF','IN WORK','','','','NIKE SPORTSWEAR','','804102-681','689358','hcross',131),(4,'804102','AS NIKE TEE-JDI BF','IN WORK','','','','NIKE SPORTSWEAR','','804102-091','689358','hcross',132),(4,'804102','AS NIKE TEE-JDI BF','IN WORK','','','','NIKE SPORTSWEAR','','804102-010','689358','hcross',133),(4,'804101','NIKE TEE-JDI BF','IN WORK','','','','NIKE SPORTSWEAR','','804101-681','689358','hcross',134),(4,'804101','NIKE TEE-JDI BF','IN WORK','','','','NIKE SPORTSWEAR','','804101-091','689358','hcross',135),(4,'804101','NIKE TEE-JDI BF','IN WORK','','','','NIKE SPORTSWEAR','','804101-010','689358','hcross',136),(4,'804106','AS NIKE TEE-BF NSW OVERSIZE N','IN WORK','','','','NIKE SPORTSWEAR','','804106-010','689360','hcross',137),(4,'804106','AS NIKE TEE-BF NSW OVERSIZE N','IN WORK','','','','NIKE SPORTSWEAR','','804106-100','689360','hcross',138),(4,'804106','AS NIKE TEE-BF NSW OVERSIZE N','IN WORK','','','','NIKE SPORTSWEAR','','804106-451','689360','hcross',139),(4,'804106','AS NIKE TEE-BF NSW OVERSIZE N','IN WORK','','','','NIKE SPORTSWEAR','','804106-091','689360','hcross',140),(4,'804105','NIKE TEE-BF NSW OVERSIZE N','IN WORK','','','','NIKE SPORTSWEAR','','804105-010','689360','hcross',141),(4,'804105','NIKE TEE-BF NSW OVERSIZE N','IN WORK','','','','NIKE SPORTSWEAR','','804105-100','689360','hcross',142),(4,'804105','NIKE TEE-BF NSW OVERSIZE N','IN WORK','','','','NIKE SPORTSWEAR','','804105-451','689360','hcross',143),(4,'804105','NIKE TEE-BF NSW OVERSIZE N','IN WORK','','','','NIKE SPORTSWEAR','','804105-091','689360','hcross',144),(4,'804108','AS NIKE TEE-RAGLAN VARSITY JDI','IN WORK','','','','ATHLETIC DEPARTMENT','','804108-100','689362','hcross',145),(4,'804108','AS NIKE TEE-RAGLAN VARSITY JDI','IN WORK','','','','ATHLETIC DEPARTMENT','','804108-850','689362','hcross',146),(4,'804108','AS NIKE TEE-RAGLAN VARSITY JDI','IN WORK','','','','ATHLETIC DEPARTMENT','','804108-010','689362','hcross',147),(4,'804107','NIKE TEE-RAGLAN VARSITY JDI','IN WORK','','','','ATHLETIC DEPARTMENT','','804107-100','689362','hcross',148),(4,'804107','NIKE TEE-RAGLAN VARSITY JDI','IN WORK','','','','ATHLETIC DEPARTMENT','','804107-850','689362','hcross',149),(4,'804107','NIKE TEE-RAGLAN VARSITY JDI','IN WORK','','','','ATHLETIC DEPARTMENT','','804107-010','689362','hcross',150),(4,'707234','AS NIKE TEE-SWOOSH LOGO TEE','IN WORK','','','','ATHLETIC DEPARTMENT','','707234-451','689419','hcross',151),(4,'707233','NIKE TEE-SWOOSH LOGO TEE','IN WORK','','','','ATHLETIC DEPARTMENT','','707233-070','689419','hcross',152),(4,'707233','NIKE TEE-SWOOSH LOGO TEE','IN WORK','','','','ATHLETIC DEPARTMENT','','707233-451','689419','hcross',153),(4,'707233','NIKE TEE-SWOOSH LOGO TEE','IN WORK','','','','ATHLETIC DEPARTMENT','','707233-525','689419','hcross',154),(4,'707234','AS NIKE TEE-SWOOSH LOGO TEE','IN WORK','','','','ATHLETIC DEPARTMENT','','707234-070','689419','hcross',155),(4,'707234','AS NIKE TEE-SWOOSH LOGO TEE','IN WORK','','','','ATHLETIC DEPARTMENT','','707234-525','689419','hcross',156),(4,'685519','AS NIKE TEE-JDI SWOOSH CREW','IN WORK','','','','ATHLETIC DEPARTMENT','','685519-109','689420','hcross',157),(4,'685519','AS NIKE TEE-JDI SWOOSH CREW','IN WORK','','','','ATHLETIC DEPARTMENT','','685519-508','689420','hcross',158),(4,'685518','NIKE TEE-JDI SWOOSH CREW','IN WORK','','','','ATHLETIC DEPARTMENT','','685518-508','689420','hcross',159),(4,'685518','NIKE TEE-JDI SWOOSH CREW','IN WORK','','','','ATHLETIC DEPARTMENT','','685518-109','689420','hcross',160),(4,'804113','NIKE TEE-VNECK BLOCK','IN WORK','','','','ATHLETIC DEPARTMENT','','804113-101','689453','hcross',161),(4,'804114','AS NIKE TEE-VNECK BLOCK','IN WORK','','','','ATHLETIC DEPARTMENT','','804114-102','689453','hcross',162),(4,'804113','NIKE TEE-VNECK BLOCK','IN WORK','','','','ATHLETIC DEPARTMENT','','804113-011','689453','hcross',163),(4,'804114','AS NIKE TEE-VNECK BLOCK','IN WORK','','','','ATHLETIC DEPARTMENT','','804114-064','689453','hcross',164),(4,'804114','AS NIKE TEE-VNECK BLOCK','IN WORK','','','','ATHLETIC DEPARTMENT','','804114-850','689453','hcross',165),(4,'804114','AS NIKE TEE-VNECK BLOCK','IN WORK','','','','ATHLETIC DEPARTMENT','','804114-101','689453','hcross',166),(4,'804113','NIKE TEE-VNECK BLOCK','IN WORK','','','','ATHLETIC DEPARTMENT','','804113-850','689453','hcross',167),(4,'804114','AS NIKE TEE-VNECK BLOCK','IN WORK','','','','ATHLETIC DEPARTMENT','','804114-508','689453','hcross',168),(4,'804113','NIKE TEE-VNECK BLOCK','IN WORK','','','','ATHLETIC DEPARTMENT','','804113-064','689453','hcross',169),(4,'804114','AS NIKE TEE-VNECK BLOCK','IN WORK','','','','ATHLETIC DEPARTMENT','','804114-524','689453','hcross',170),(4,'804113','NIKE TEE-VNECK BLOCK','IN WORK','','','','ATHLETIC DEPARTMENT','','804113-524','689453','hcross',171),(4,'804113','NIKE TEE-VNECK BLOCK','IN WORK','','','','ATHLETIC DEPARTMENT','','804113-102','689453','hcross',172),(4,'804114','AS NIKE TEE-VNECK BLOCK','IN WORK','','','','ATHLETIC DEPARTMENT','','804114-011','689453','hcross',173),(4,'804113','NIKE TEE-VNECK BLOCK','IN WORK','','','','ATHLETIC DEPARTMENT','','804113-508','689453','hcross',174),(4,'804178','AS NIKE TEE-ART AOP SCOOP','IN WORK','','','','ATHLETIC DEPARTMENT','','804178-010','689454','hcross',175),(4,'804178','AS NIKE TEE-ART AOP SCOOP','IN WORK','','','','ATHLETIC DEPARTMENT','','804178-677','689454','hcross',176),(4,'804177','NIKE TEE-ART AOP SCOOP','IN WORK','','','','ATHLETIC DEPARTMENT','','804177-010','689454','hcross',177),(4,'804177','NIKE TEE-ART AOP SCOOP','IN WORK','','','','ATHLETIC DEPARTMENT','','804177-101','689454','hcross',178),(4,'804177','NIKE TEE-ART AOP SCOOP','IN WORK','','','','ATHLETIC DEPARTMENT','','804177-677','689454','hcross',179),(4,'804178','AS NIKE TEE-ART AOP SCOOP','IN WORK','','','','ATHLETIC DEPARTMENT','','804178-101','689454','hcross',180),(4,'804181','NIKE TANK- VARSITY 72 RACER','IN WORK','','','','ATHLETIC DEPARTMENT','','804181-657','689488','hcross',181),(4,'804181','NIKE TANK- VARSITY 72 RACER','IN WORK','','','','ATHLETIC DEPARTMENT','','804181-100','689488','hcross',182),(4,'804182','AS NIKE TANK- VARSITY 72 RACER','IN WORK','','','','ATHLETIC DEPARTMENT','','804182-063','689488','hcross',183),(4,'804181','NIKE TANK- VARSITY 72 RACER','IN WORK','','','','ATHLETIC DEPARTMENT','','804181-010','689488','hcross',184),(4,'804181','NIKE TANK- VARSITY 72 RACER','IN WORK','','','','ATHLETIC DEPARTMENT','','804181-063','689488','hcross',185),(4,'804182','AS NIKE TANK- VARSITY 72 RACER','IN WORK','','','','ATHLETIC DEPARTMENT','','804182-010','689488','hcross',186),(4,'804182','AS NIKE TANK- VARSITY 72 RACER','IN WORK','','','','ATHLETIC DEPARTMENT','','804182-100','689488','hcross',187),(4,'804182','AS NIKE TANK- VARSITY 72 RACER','IN WORK','','','','ATHLETIC DEPARTMENT','','804182-657','689488','hcross',188),(4,'804184','AS NIKE TEE-MY CITY MY RULES','IN WORK','','','','ATHLETIC DEPARTMENT','','804184-063','689489','hcross',189),(4,'804184','AS NIKE TEE-MY CITY MY RULES','IN WORK','','','','ATHLETIC DEPARTMENT','','804184-010','689489','hcross',190),(4,'804184','AS NIKE TEE-MY CITY MY RULES','IN WORK','','','','ATHLETIC DEPARTMENT','','804184-524','689489','hcross',191),(4,'804183','NIKE TEE-MY CITY MY RULES','IN WORK','','','','ATHLETIC DEPARTMENT','','804183-063','689489','hcross',192),(4,'804183','NIKE TEE-MY CITY MY RULES','IN WORK','','','','ATHLETIC DEPARTMENT','','804183-100','689489','hcross',193),(4,'804183','NIKE TEE-MY CITY MY RULES','IN WORK','','','','ATHLETIC DEPARTMENT','','804183-010','689489','hcross',194),(4,'804184','AS NIKE TEE-MY CITY MY RULES','IN WORK','','','','ATHLETIC DEPARTMENT','','804184-100','689489','hcross',195),(4,'804183','NIKE TEE-MY CITY MY RULES','IN WORK','','','','ATHLETIC DEPARTMENT','','804183-524','689489','hcross',196),(4,'804188','AS NIKE TEE-JDI FILL TANK','IN WORK','','','','ATHLETIC DEPARTMENT','','804188-657','689491','mmcgug',197),(4,'804188','AS NIKE TEE-JDI FILL TANK','IN WORK','','','','ATHLETIC DEPARTMENT','','804188-100','689491','mmcgug',198),(4,'804188','AS NIKE TEE-JDI FILL TANK','IN WORK','','','','ATHLETIC DEPARTMENT','','804188-010','689491','mmcgug',199),(4,'804188','AS NIKE TEE-JDI FILL TANK','IN WORK','','','','ATHLETIC DEPARTMENT','','804188-529','689491','mmcgug',200),(4,'804187','NIKE TEE-JDI FILL TANK','IN WORK','','','','ATHLETIC DEPARTMENT','','804187-010','689491','mmcgug',201),(4,'804188','AS NIKE TEE-JDI FILL TANK','IN WORK','','','','ATHLETIC DEPARTMENT','','804188-063','689491','mmcgug',202),(4,'804188','AS NIKE TEE-JDI FILL TANK','IN WORK','','','','ATHLETIC DEPARTMENT','','804188-011','689491','mmcgug',203),(4,'804187','NIKE TEE-JDI FILL TANK','IN WORK','','','','ATHLETIC DEPARTMENT','','804187-529','689491','mmcgug',204),(4,'804187','NIKE TEE-JDI FILL TANK','IN WORK','','','','ATHLETIC DEPARTMENT','','804187-657','689491','mmcgug',205),(4,'804187','NIKE TEE-JDI FILL TANK','IN WORK','','','','ATHLETIC DEPARTMENT','','804187-011','689491','mmcgug',206),(4,'804187','NIKE TEE-JDI FILL TANK','IN WORK','','','','ATHLETIC DEPARTMENT','','804187-063','689491','mmcgug',207),(4,'804187','NIKE TEE-JDI FILL TANK','IN WORK','','','','ATHLETIC DEPARTMENT','','804187-100','689491','mmcgug',208),(4,'804190','AS NIKE TEE-BF VARSITY 72 MESH','IN WORK','','','','ATHLETIC DEPARTMENT','','804190-524','689493','hcross',209),(4,'804189','NIKE TEE-BF VARSITY 72 MESH','IN WORK','','','','ATHLETIC DEPARTMENT','','804189-524','689493','hcross',210),(4,'804189','NIKE TEE-BF VARSITY 72 MESH','IN WORK','','','','ATHLETIC DEPARTMENT','','804189-850','689493','hcross',211),(4,'804189','NIKE TEE-BF VARSITY 72 MESH','IN WORK','','','','ATHLETIC DEPARTMENT','','804189-100','689493','hcross',212),(4,'804189','NIKE TEE-BF VARSITY 72 MESH','IN WORK','','','','ATHLETIC DEPARTMENT','','804189-063','689493','hcross',213),(4,'804190','AS NIKE TEE-BF VARSITY 72 MESH','IN WORK','','','','ATHLETIC DEPARTMENT','','804190-063','689493','hcross',214),(4,'804190','AS NIKE TEE-BF VARSITY 72 MESH','IN WORK','','','','ATHLETIC DEPARTMENT','','804190-850','689493','hcross',215),(4,'804190','AS NIKE TEE-BF VARSITY 72 MESH','IN WORK','','','','ATHLETIC DEPARTMENT','','804190-100','689493','hcross',216),(4,'804192','AS NIKE TEE-NIKE METALLIC','IN WORK','','','','ATHLETIC DEPARTMENT','','804192-524','689494','hcross',217),(4,'804191','NIKE TEE-NIKE METALLIC','IN WORK','','','','ATHLETIC DEPARTMENT','','804191-524','689494','hcross',218),(4,'707361','AS NIKE TEE-NEW JDI SWOOSH','IN WORK','','','','ATHLETIC DEPARTMENT','','707361-677','690358','kfarm2',219),(4,'707361','AS NIKE TEE-NEW JDI SWOOSH','IN WORK','','','','ATHLETIC DEPARTMENT','','707361-423','690358','kfarm2',220),(4,'707360','NIKE TEE-NEW JDI SWOOSH','IN WORK','','','','ATHLETIC DEPARTMENT','','707360-677','690358','kfarm2',221),(4,'707360','NIKE TEE-NEW JDI SWOOSH','IN WORK','','','','ATHLETIC DEPARTMENT','','707360-423','690358','kfarm2',222),(4,'696700','AS M NSW TOP CHEST SWOOSH','IN WORK','','','','ATHLETIC DEPARTMENT','','696700-443','690361','kfarm2',223),(4,'696700','AS M NSW TOP CHEST SWOOSH','IN WORK','','','','ATHLETIC DEPARTMENT','','696700-678','690361','kfarm2',224),(4,'696700','AS M NSW TOP CHEST SWOOSH','IN WORK','','','','ATHLETIC DEPARTMENT','','696700-424','690361','kfarm2',225),(4,'696699','M NSW TOP CHEST SWOOSH','IN WORK','','','','ATHLETIC DEPARTMENT','','696699-443','690361','kfarm2',226),(4,'696699','M NSW TOP CHEST SWOOSH','IN WORK','','','','ATHLETIC DEPARTMENT','','696699-678','690361','kfarm2',227),(4,'696699','M NSW TOP CHEST SWOOSH','IN WORK','','','','ATHLETIC DEPARTMENT','','696699-424','690361','kfarm2',228),(4,'709492','AS NIKE TEE-LS ICON SWOOSH','IN WORK','','','','ATHLETIC DEPARTMENT','','709492-423','690364','kfarm2',229),(4,'709492','AS NIKE TEE-LS ICON SWOOSH','IN WORK','','','','ATHLETIC DEPARTMENT','','709492-443','690364','kfarm2',230),(4,'709492','AS NIKE TEE-LS ICON SWOOSH','IN WORK','','','','ATHLETIC DEPARTMENT','','709492-678','690364','kfarm2',231),(4,'709491','NIKE TEE-LS ICON SWOOSH','IN WORK','','','','ATHLETIC DEPARTMENT','','709491-423','690364','kfarm2',232),(4,'709491','NIKE TEE-LS ICON SWOOSH','IN WORK','','','','ATHLETIC DEPARTMENT','','709491-443','690364','kfarm2',233),(4,'709491','NIKE TEE-LS ICON SWOOSH','IN WORK','','','','ATHLETIC DEPARTMENT','','709491-678','690364','kfarm2',234),(4,'696708','AS NIKE TEE-FUTURA ICON','IN WORK','','','','NIKE SPORTSWEAR','','696708-674','690420','tschre',235),(4,'696707','NIKE TEE-FUTURA ICON','IN WORK','','','','NIKE SPORTSWEAR','','696707-674','690420','tschre',236),(4,'805493','AS NIKE TEE-ICONIC AM90','IN WORK','','','','NIKE SPORTSWEAR','','805493-850','690797','hcross',237),(4,'805493','AS NIKE TEE-ICONIC AM90','IN WORK','','','','NIKE SPORTSWEAR','','805493-010','690797','hcross',238),(4,'805492','NIKE TEE-ICONIC AM90','IN WORK','','','','NIKE SPORTSWEAR','','805492-850','690797','hcross',239),(4,'805492','NIKE TEE-ICONIC AM90','IN WORK','','','','NIKE SPORTSWEAR','','805492-010','690797','hcross',240),(4,'805546','AS NIKE VCTRY CMPN BSHD CH BRA','IN WORK','','','','WOMENS TRAINING','','805546-392','690832','gekdah',241),(4,'805545','NIKE VCTRY CMPRSN BRSHD CH BRA','IN WORK','','','','WOMENS TRAINING','','805545-392','690832','gekdah',242),(4,'805546','AS NIKE VCTRY CMPN BSHD CH BRA','IN WORK','','','','WOMENS TRAINING','','805546-533','690832','gekdah',243),(4,'805545','NIKE VCTRY CMPRSN BRSHD CH BRA','IN WORK','','','','WOMENS TRAINING','','805545-533','690832','gekdah',244),(4,'805546','AS NIKE VCTRY CMPN BSHD CH BRA','IN WORK','','','','WOMENS TRAINING','','805546-021','690832','gekdah',245),(4,'805545','NIKE VCTRY CMPRSN BRSHD CH BRA','IN WORK','','','','WOMENS TRAINING','','805545-021','690832','gekdah',246),(4,'805546','AS NIKE VCTRY CMPN BSHD CH BRA','IN WORK','','','','WOMENS TRAINING','','805546-508','690832','gekdah',247),(4,'805545','NIKE VCTRY CMPRSN BRSHD CH BRA','IN WORK','','','','WOMENS TRAINING','','805545-508','690832','gekdah',248),(4,'GB0413','NIKE MVP ELITE','IN WORK','','','','BASEBALL','','GB0413-060','691342','jmarvi',249),(4,'GB0414','NIKE MVP EDGE TEEBALL','IN WORK','','','','BASEBALL','','GB0414-100','691340','jmarvi',250),(4,'628683','NIKE SB ICON PRO','IN WORK','','','','SKATEBOARDING','','628683-353','691424','dwalk6',251),(4,'628683','NIKE SB ICON PRO','IN WORK','','','','SKATEBOARDING','','628683-392','691424','dwalk6',252),(4,'628683','NIKE SB ICON PRO','IN WORK','','','','SKATEBOARDING','','628683-678','691424','dwalk6',253),(4,'729506','NIKE TRAIN VAPOR CLASSIC99','IN WORK','','','','TRAINING','','729506-404','691436','mgalla',254),(4,'729508','NIKE TRAIN VAPOR TRUE','IN WORK','','','','TRAINING','','729508-016','691439','mgalla',255),(4,'803767','NIKE TRAIN SPHERE BEANIE','IN WORK','','','','TRAINING','','803767-404','691440','mgalla',256),(4,'803933','NIKE TRAIN VAPOR CLASSIC99 SF','IN WORK','','','','TRAINING','','803933-677','691441','mgalla',257),(4,'804567','NIKE SB BLK REFLECT PERF PRO','IN WORK','','','','SKATEBOARDING','','804567-003','691446','lpeart',258),(4,'804567','NIKE SB BLK REFLECT PERF PRO','IN WORK','','','','SKATEBOARDING','','804567-677','691446','lpeart',259),(4,'804567','NIKE SB BLK REFLECT PERF PRO','IN WORK','','','','SKATEBOARDING','','804567-364','691446','lpeart',260),(4,'805036','NIKE POM BEANIE - BLUE','IN WORK','','','','NIKE SPORTSWEAR','','805036-850','691448','hcross',261),(4,'805036','NIKE POM BEANIE - BLUE','IN WORK','','','','NIKE SPORTSWEAR','','805036-071','691448','hcross',262),(4,'805036','NIKE POM BEANIE - BLUE','IN WORK','','','','NIKE SPORTSWEAR','','805036-508','691448','hcross',263),(4,'805037','NIKE SLOUCH BEANIE - RED','IN WORK','','','','NIKE SPORTSWEAR','','805037-687','691449','hcross',264),(4,'805037','NIKE SLOUCH BEANIE - RED','IN WORK','','','','NIKE SPORTSWEAR','','805037-364','691449','hcross',265),(4,'805037','NIKE SLOUCH BEANIE - RED','IN WORK','','','','NIKE SPORTSWEAR','','805037-524','691449','hcross',266),(4,'806050','NIKE SB INFIELD PRO','IN WORK','','','','SKATEBOARDING','','806050-677','691667','dwalk6',267),(4,'806048','NIKE SB WASHED CORDUROY PRO','IN WORK','','','','SKATEBOARDING','','806048-353','691668','dwalk6',268),(4,'806048','NIKE SB WASHED CORDUROY PRO','IN WORK','','','','SKATEBOARDING','','806048-003','691668','dwalk6',269),(4,'806048','NIKE SB WASHED CORDUROY PRO','IN WORK','','','','SKATEBOARDING','','806048-677','691668','dwalk6',270),(4,'806048','NIKE SB WASHED CORDUROY PRO','IN WORK','','','','SKATEBOARDING','','806048-010','691668','dwalk6',271),(4,'806064','NIKE SB WINTERIZED 5 PANEL','IN WORK','','','','SKATEBOARDING','','806064-010','691683','dwalk6',272),(4,'806064','NIKE SB WINTERIZED 5 PANEL','IN WORK','','','','SKATEBOARDING','','806064-234','691683','dwalk6',273),(4,'806064','NIKE SB WINTERIZED 5 PANEL','IN WORK','','','','SKATEBOARDING','','806064-451','691683','dwalk6',274),(4,'806064','NIKE SB WINTERIZED 5 PANEL','IN WORK','','','','SKATEBOARDING','','806064-003','691683','dwalk6',275),(4,'806092','NIKE SB 2IN1 MARL POM BEANIE','IN WORK','','','','SKATEBOARDING','','806092-677','691711','dwalk6',276),(4,'806092','NIKE SB 2IN1 MARL POM BEANIE','IN WORK','','','','SKATEBOARDING','','806092-010','691711','dwalk6',277),(4,'806092','NIKE SB 2IN1 MARL POM BEANIE','IN WORK','','','','SKATEBOARDING','','806092-364','691711','dwalk6',278),(4,'806092','NIKE SB 2IN1 MARL POM BEANIE','IN WORK','','','','SKATEBOARDING','','806092-451','691711','dwalk6',279),(4,'806099','SB TIGER POCKET TEE','IN WORK','','','','SKATEBOARDING','','806099-353','691717','dwalk6',280),(4,'806098','AS SB WOVEN BOX TEE','IN WORK','','','','SKATEBOARDING','','806098-063','691715','lpeart',281),(4,'806102','AS SB LOGO STAMP TEE','IN WORK','','','','SKATEBOARDING','','806102-063','691718','lpeart',282),(4,'806107','SB BOLT TEE','IN WORK','','','','SKATEBOARDING','','806107-010','691719','lpeart',283),(4,'806105','SB WAVE RIPPLE TEE','IN WORK','','','','SKATEBOARDING','','806105-364','691716','dwalk6',284),(4,'806100','AS SB TIGER POCKET TEE','IN WORK','','','','SKATEBOARDING','','806100-353','691717','dwalk6',285),(4,'806102','AS SB LOGO STAMP TEE','IN WORK','','','','SKATEBOARDING','','806102-010','691718','lpeart',286),(4,'806107','SB BOLT TEE','IN WORK','','','','SKATEBOARDING','','806107-063','691719','lpeart',287),(4,'806101','SB LOGO STAMP TEE','IN WORK','','','','SKATEBOARDING','','806101-010','691718','lpeart',288),(4,'806108','AS SB BOLT TEE','IN WORK','','','','SKATEBOARDING','','806108-364','691719','lpeart',289),(4,'806100','AS SB TIGER POCKET TEE','IN WORK','','','','SKATEBOARDING','','806100-100','691717','dwalk6',290),(4,'806105','SB WAVE RIPPLE TEE','IN WORK','','','','SKATEBOARDING','','806105-063','691716','dwalk6',291),(4,'806108','AS SB BOLT TEE','IN WORK','','','','SKATEBOARDING','','806108-451','691719','lpeart',292),(4,'806097','SB WOVEN BOX TEE','IN WORK','','','','SKATEBOARDING','','806097-677','691715','lpeart',293),(4,'806102','AS SB LOGO STAMP TEE','IN WORK','','','','SKATEBOARDING','','806102-353','691718','lpeart',294),(4,'806105','SB WAVE RIPPLE TEE','IN WORK','','','','SKATEBOARDING','','806105-100','691716','dwalk6',295),(4,'806107','SB BOLT TEE','IN WORK','','','','SKATEBOARDING','','806107-451','691719','lpeart',296),(4,'806102','AS SB LOGO STAMP TEE','IN WORK','','','','SKATEBOARDING','','806102-100','691718','lpeart',297),(4,'806099','SB TIGER POCKET TEE','IN WORK','','','','SKATEBOARDING','','806099-100','691717','dwalk6',298),(4,'806106','AS SB WAVE RIPPLE TEE','IN WORK','','','','SKATEBOARDING','','806106-364','691716','dwalk6',299),(4,'806108','AS SB BOLT TEE','IN WORK','','','','SKATEBOARDING','','806108-003','691719','lpeart',300),(4,'806098','AS SB WOVEN BOX TEE','IN WORK','','','','SKATEBOARDING','','806098-010','691715','lpeart',301),(4,'806101','SB LOGO STAMP TEE','IN WORK','','','','SKATEBOARDING','','806101-063','691718','lpeart',302),(4,'806106','AS SB WAVE RIPPLE TEE','IN WORK','','','','SKATEBOARDING','','806106-100','691716','dwalk6',303),(4,'806107','SB BOLT TEE','IN WORK','','','','SKATEBOARDING','','806107-003','691719','lpeart',304),(4,'806097','SB WOVEN BOX TEE','IN WORK','','','','SKATEBOARDING','','806097-063','691715','lpeart',305),(4,'806101','SB LOGO STAMP TEE','IN WORK','','','','SKATEBOARDING','','806101-100','691718','lpeart',306),(4,'806106','AS SB WAVE RIPPLE TEE','IN WORK','','','','SKATEBOARDING','','806106-063','691716','dwalk6',307),(4,'806107','SB BOLT TEE','IN WORK','','','','SKATEBOARDING','','806107-364','691719','lpeart',308),(4,'806101','SB LOGO STAMP TEE','IN WORK','','','','SKATEBOARDING','','806101-353','691718','lpeart',309),(4,'806108','AS SB BOLT TEE','IN WORK','','','','SKATEBOARDING','','806108-063','691719','lpeart',310),(4,'806098','AS SB WOVEN BOX TEE','IN WORK','','','','SKATEBOARDING','','806098-100','691715','lpeart',311),(4,'806108','AS SB BOLT TEE','IN WORK','','','','SKATEBOARDING','','806108-010','691719','lpeart',312),(4,'806097','SB WOVEN BOX TEE','IN WORK','','','','SKATEBOARDING','','806097-010','691715','lpeart',313),(4,'806098','AS SB WOVEN BOX TEE','IN WORK','','','','SKATEBOARDING','','806098-677','691715','lpeart',314),(4,'806097','SB WOVEN BOX TEE','IN WORK','','','','SKATEBOARDING','','806097-100','691715','lpeart',315),(4,'806110','SB BOXES TEE','IN WORK','','','','SKATEBOARDING','','806110-100','691720','lpeart',316),(4,'806112','SB SWIRLS TEE','IN WORK','','','','SKATEBOARDING','','806112-063','691721','dwalk6',317),(4,'806111','AS SB BOXES TEE','IN WORK','','','','SKATEBOARDING','','806111-677','691720','lpeart',318),(4,'806103','SB WHEEL TEE','IN WORK','','','','SKATEBOARDING','','806103-100','691723','lpeart',319),(4,'806110','SB BOXES TEE','IN WORK','','','','SKATEBOARDING','','806110-677','691720','lpeart',320),(4,'806112','SB SWIRLS TEE','IN WORK','','','','SKATEBOARDING','','806112-100','691721','dwalk6',321),(4,'806111','AS SB BOXES TEE','IN WORK','','','','SKATEBOARDING','','806111-010','691720','lpeart',322),(4,'806104','AS SB WHEEL TEE','IN WORK','','','','SKATEBOARDING','','806104-100','691723','lpeart',323),(4,'806113','AS SB SWIRLS TEE','IN WORK','','','','SKATEBOARDING','','806113-010','691721','dwalk6',324),(4,'806115','AS SB BIRD TEE','IN WORK','','','','SKATEBOARDING','','806115-100','691722','lpeart',325),(4,'806110','SB BOXES TEE','IN WORK','','','','SKATEBOARDING','','806110-010','691720','lpeart',326),(4,'806103','SB WHEEL TEE','IN WORK','','','','SKATEBOARDING','','806103-060','691723','lpeart',327),(4,'806113','AS SB SWIRLS TEE','IN WORK','','','','SKATEBOARDING','','806113-063','691721','dwalk6',328),(4,'806114','SB BIRD TEE','IN WORK','','','','SKATEBOARDING','','806114-010','691722','lpeart',329),(4,'806116','SB BRANDLINE TEE','IN WORK','','','','SKATEBOARDING','','806116-010','691724','dwalk6',330),(4,'806111','AS SB BOXES TEE','IN WORK','','','','SKATEBOARDING','','806111-063','691720','lpeart',331),(4,'806112','SB SWIRLS TEE','IN WORK','','','','SKATEBOARDING','','806112-010','691721','dwalk6',332),(4,'806104','AS SB WHEEL TEE','IN WORK','','','','SKATEBOARDING','','806104-010','691723','lpeart',333),(4,'806114','SB BIRD TEE','IN WORK','','','','SKATEBOARDING','','806114-100','691722','lpeart',334),(4,'806110','SB BOXES TEE','IN WORK','','','','SKATEBOARDING','','806110-063','691720','lpeart',335),(4,'806111','AS SB BOXES TEE','IN WORK','','','','SKATEBOARDING','','806111-100','691720','lpeart',336),(4,'806117','AS SB BRANDLINE TEE','IN WORK','','','','SKATEBOARDING','','806117-063','691724','dwalk6',337),(4,'806104','AS SB WHEEL TEE','IN WORK','','','','SKATEBOARDING','','806104-451','691723','lpeart',338),(4,'806117','AS SB BRANDLINE TEE','IN WORK','','','','SKATEBOARDING','','806117-364','691724','dwalk6',339),(4,'806113','AS SB SWIRLS TEE','IN WORK','','','','SKATEBOARDING','','806113-100','691721','dwalk6',340),(4,'806115','AS SB BIRD TEE','IN WORK','','','','SKATEBOARDING','','806115-010','691722','lpeart',341),(4,'806117','AS SB BRANDLINE TEE','IN WORK','','','','SKATEBOARDING','','806117-100','691724','dwalk6',342),(4,'806103','SB WHEEL TEE','IN WORK','','','','SKATEBOARDING','','806103-451','691723','lpeart',343),(4,'806117','AS SB BRANDLINE TEE','IN WORK','','','','SKATEBOARDING','','806117-010','691724','dwalk6',344),(4,'806104','AS SB WHEEL TEE','IN WORK','','','','SKATEBOARDING','','806104-060','691723','lpeart',345),(4,'806116','SB BRANDLINE TEE','IN WORK','','','','SKATEBOARDING','','806116-364','691724','dwalk6',346),(4,'806116','SB BRANDLINE TEE','IN WORK','','','','SKATEBOARDING','','806116-100','691724','dwalk6',347),(4,'806103','SB WHEEL TEE','IN WORK','','','','SKATEBOARDING','','806103-010','691723','lpeart',348),(4,'806116','SB BRANDLINE TEE','IN WORK','','','','SKATEBOARDING','','806116-063','691724','dwalk6',349),(4,'806218','NIKE KOBE PERF LEATHER PRO','IN WORK','','','','NIKE SPORTSWEAR','','806218-541','691937','mmcgug',350),(4,'806218','NIKE KOBE PERF LEATHER PRO','IN WORK','','','','NIKE SPORTSWEAR','','806218-010','691937','mmcgug',351),(4,'806218','NIKE KOBE PERF LEATHER PRO','IN WORK','','','','NIKE SPORTSWEAR','','806218-100','691937','mmcgug',352),(4,'806221','NIKE LEBRON PERF LEATHER PRO','IN WORK','','','','NIKE SPORTSWEAR','','806221-010','691938','mmcgug',353),(4,'806219','NIKE KYRIE PERF LEATHER PRO','IN WORK','','','','NIKE SPORTSWEAR','','806219-010','691939','mmcgug',354),(4,'806217','NIKE KD PERF LEATHER PRO','IN WORK','','','','NIKE SPORTSWEAR','','806217-100','691940','mmcgug',355),(4,'806221','NIKE LEBRON PERF LEATHER PRO','IN WORK','','','','NIKE SPORTSWEAR','','806221-100','691938','mmcgug',356),(4,'806219','NIKE KYRIE PERF LEATHER PRO','IN WORK','','','','NIKE SPORTSWEAR','','806219-046','691939','mmcgug',357),(4,'806217','NIKE KD PERF LEATHER PRO','IN WORK','','','','NIKE SPORTSWEAR','','806217-422','691940','mmcgug',358),(4,'806221','NIKE LEBRON PERF LEATHER PRO','IN WORK','','','','NIKE SPORTSWEAR','','806221-451','691938','mmcgug',359),(4,'806219','NIKE KYRIE PERF LEATHER PRO','IN WORK','','','','NIKE SPORTSWEAR','','806219-100','691939','mmcgug',360),(4,'806217','NIKE KD PERF LEATHER PRO','IN WORK','','','','NIKE SPORTSWEAR','','806217-010','691940','mmcgug',361),(4,'806223','NIKE ROSE FUTURA TRUE','IN WORK','','','','NIKE SPORTSWEAR','','806223-010','691942','hcross',362),(4,'806223','NIKE ROSE FUTURA TRUE','IN WORK','','','','NIKE SPORTSWEAR','','806223-423','691942','hcross',363),(4,'806223','NIKE ROSE FUTURA TRUE','IN WORK','','','','NIKE SPORTSWEAR','','806223-091','691942','hcross',364),(4,'806223','NIKE ROSE FUTURA TRUE','IN WORK','','','','NIKE SPORTSWEAR','','806223-681','691942','hcross',365),(4,'806314','AS DFCT JDI STACK TOPO FIL TEE','IN WORK','','','','TRAINING','','806314-100','692035','mgalla',366),(4,'806310','DFCT LENTICULAR 365247 TEE','IN WORK','','','','TRAINING','','806310-340','692036','mgalla',367),(4,'806314','AS DFCT JDI STACK TOPO FIL TEE','IN WORK','','','','TRAINING','','806314-010','692035','mgalla',368),(4,'806310','DFCT LENTICULAR 365247 TEE','IN WORK','','','','TRAINING','','806310-010','692036','mgalla',369),(4,'806310','DFCT LENTICULAR 365247 TEE','IN WORK','','','','TRAINING','','806310-100','692036','mgalla',370),(4,'806314','AS DFCT JDI STACK TOPO FIL TEE','IN WORK','','','','TRAINING','','806314-842','692035','mgalla',371),(4,'806310','DFCT LENTICULAR 365247 TEE','IN WORK','','','','TRAINING','','806310-071','692036','mgalla',372),(4,'806313','AS DFCT LENTICULAR 365247 TEE','IN WORK','','','','TRAINING','','806313-071','692036','mgalla',373),(4,'806311','DFCT JDI STACK TOPO FIL TEE','IN WORK','','','','TRAINING','','806311-842','692035','mgalla',374),(4,'806313','AS DFCT LENTICULAR 365247 TEE','IN WORK','','','','TRAINING','','806313-100','692036','mgalla',375),(4,'806320','AS DFCT ZERO SWOOSH BLOCK TEE','IN WORK','','','','TRAINING','','806320-010','692038','mgalla',376),(4,'806311','DFCT JDI STACK TOPO FIL TEE','IN WORK','','','','TRAINING','','806311-010','692035','mgalla',377),(4,'806313','AS DFCT LENTICULAR 365247 TEE','IN WORK','','','','TRAINING','','806313-010','692036','mgalla',378),(4,'806320','AS DFCT ZERO SWOOSH BLOCK TEE','IN WORK','','','','TRAINING','','806320-340','692038','mgalla',379),(4,'806320','AS DFCT ZERO SWOOSH BLOCK TEE','IN WORK','','','','TRAINING','','806320-100','692038','mgalla',380),(4,'806313','AS DFCT LENTICULAR 365247 TEE','IN WORK','','','','TRAINING','','806313-340','692036','mgalla',381),(4,'806311','DFCT JDI STACK TOPO FIL TEE','IN WORK','','','','TRAINING','','806311-100','692035','mgalla',382),(4,'806320','AS DFCT ZERO SWOOSH BLOCK TEE','IN WORK','','','','TRAINING','','806320-677','692038','mgalla',383),(4,'806321','AS DFCT STACK PLATES TEE','IN WORK','','','','TRAINING','','806321-010','692039','mgalla',384),(4,'806320','AS DFCT ZERO SWOOSH BLOCK TEE','IN WORK','','','','TRAINING','','806320-012','692038','mgalla',385),(4,'806321','AS DFCT STACK PLATES TEE','IN WORK','','','','TRAINING','','806321-063','692039','mgalla',386),(4,'806318','DFCT ZERO SWOOSH BLOCK TEE','IN WORK','','','','TRAINING','','806318-012','692038','mgalla',387),(4,'806321','AS DFCT STACK PLATES TEE','IN WORK','','','','TRAINING','','806321-012','692039','mgalla',388),(4,'806318','DFCT ZERO SWOOSH BLOCK TEE','IN WORK','','','','TRAINING','','806318-677','692038','mgalla',389),(4,'806321','AS DFCT STACK PLATES TEE','IN WORK','','','','TRAINING','','806321-803','692039','mgalla',390),(4,'806318','DFCT ZERO SWOOSH BLOCK TEE','IN WORK','','','','TRAINING','','806318-100','692038','mgalla',391),(4,'806319','DFCT STACK PLATES TEE','IN WORK','','','','TRAINING','','806319-803','692039','mgalla',392),(4,'806318','DFCT ZERO SWOOSH BLOCK TEE','IN WORK','','','','TRAINING','','806318-340','692038','mgalla',393),(4,'806319','DFCT STACK PLATES TEE','IN WORK','','','','TRAINING','','806319-012','692039','mgalla',394),(4,'806318','DFCT ZERO SWOOSH BLOCK TEE','IN WORK','','','','TRAINING','','806318-010','692038','mgalla',395),(4,'806319','DFCT STACK PLATES TEE','IN WORK','','','','TRAINING','','806319-063','692039','mgalla',396),(4,'806319','DFCT STACK PLATES TEE','IN WORK','','','','TRAINING','','806319-010','692039','mgalla',397),(4,'806344','AS DB ENGINEERED DROP HEM TEE','IN WORK','','','','TRAINING','','806344-435','692071','mgalla',398),(4,'806344','AS DB ENGINEERED DROP HEM TEE','IN WORK','','','','TRAINING','','806344-005','692071','mgalla',399),(4,'806344','AS DB ENGINEERED DROP HEM TEE','IN WORK','','','','TRAINING','','806344-100','692071','mgalla',400),(4,'806343','DB ENGINEERED DROP HEM TEE','IN WORK','','','','TRAINING','','806343-100','692071','mgalla',401),(4,'806343','DB ENGINEERED DROP HEM TEE','IN WORK','','','','TRAINING','','806343-005','692071','mgalla',402),(4,'806343','DB ENGINEERED DROP HEM TEE','IN WORK','','','','TRAINING','','806343-435','692071','mgalla',403),(4,'806347','AS DB ALWAYS REPPIN TEE','IN WORK','','','','TRAINING','','806347-063','692073','mgalla',404),(4,'806346','DB JDI STAIRS PHOTO TEE','IN WORK','','','','TRAINING','','806346-012','692072','mgalla',405),(4,'806346','DB JDI STAIRS PHOTO TEE','IN WORK','','','','TRAINING','','806346-100','692072','mgalla',406),(4,'806345','DB ALWAYS REPPIN TEE','IN WORK','','','','TRAINING','','806345-010','692073','mgalla',407),(4,'806348','AS DB JDI STAIRS PHOTO TEE','IN WORK','','','','TRAINING','','806348-100','692072','mgalla',408),(4,'806347','AS DB ALWAYS REPPIN TEE','IN WORK','','','','TRAINING','','806347-010','692073','mgalla',409),(4,'806348','AS DB JDI STAIRS PHOTO TEE','IN WORK','','','','TRAINING','','806348-012','692072','mgalla',410),(4,'806347','AS DB ALWAYS REPPIN TEE','IN WORK','','','','TRAINING','','806347-480','692073','mgalla',411),(4,'806345','DB ALWAYS REPPIN TEE','IN WORK','','','','TRAINING','','806345-063','692073','mgalla',412),(4,'806345','DB ALWAYS REPPIN TEE','IN WORK','','','','TRAINING','','806345-480','692073','mgalla',413),(4,'806818','S+ COBRA TEE','IN WORK','','','','SKATEBOARDING','','806818-100','692155','dwalk6',414),(4,'806820','AS S+ COBRA TEE','IN WORK','','','','SKATEBOARDING','','806820-100','692155','dwalk6',415),(4,'806823','SB CH 2 TEE','IN WORK','','','','SKATEBOARDING','','806823-100','692156','dwalk6',416),(4,'806826','AS SB SKUNK TEE','IN WORK','','','','SKATEBOARDING','','806826-063','692157','lpeart',417),(4,'806822','AS SB CH 1 TEE','IN WORK','','','','SKATEBOARDING','','806822-392','692158','dwalk6',418),(4,'806826','AS SB SKUNK TEE','IN WORK','','','','SKATEBOARDING','','806826-100','692157','lpeart',419),(4,'806825','SB SKUNK TEE','IN WORK','','','','SKATEBOARDING','','806825-063','692157','lpeart',420),(4,'806826','AS SB SKUNK TEE','IN WORK','','','','SKATEBOARDING','','806826-010','692157','lpeart',421),(4,'806824','AS SB CH 2 TEE','IN WORK','','','','SKATEBOARDING','','806824-063','692156','dwalk6',422),(4,'806825','SB SKUNK TEE','IN WORK','','','','SKATEBOARDING','','806825-100','692157','lpeart',423),(4,'806824','AS SB CH 2 TEE','IN WORK','','','','SKATEBOARDING','','806824-010','692156','dwalk6',424),(4,'806823','SB CH 2 TEE','IN WORK','','','','SKATEBOARDING','','806823-010','692156','dwalk6',425),(4,'806825','SB SKUNK TEE','IN WORK','','','','SKATEBOARDING','','806825-010','692157','lpeart',426),(4,'806825','SB SKUNK TEE','IN WORK','','','','SKATEBOARDING','','806825-060','692157','lpeart',427),(4,'806821','SB CH 1 TEE','IN WORK','','','','SKATEBOARDING','','806821-100','692158','dwalk6',428),(4,'806824','AS SB CH 2 TEE','IN WORK','','','','SKATEBOARDING','','806824-364','692156','dwalk6',429),(4,'806823','SB CH 2 TEE','IN WORK','','','','SKATEBOARDING','','806823-063','692156','dwalk6',430),(4,'806821','SB CH 1 TEE','IN WORK','','','','SKATEBOARDING','','806821-010','692158','dwalk6',431),(4,'806826','AS SB SKUNK TEE','IN WORK','','','','SKATEBOARDING','','806826-060','692157','lpeart',432),(4,'806824','AS SB CH 2 TEE','IN WORK','','','','SKATEBOARDING','','806824-100','692156','dwalk6',433),(4,'806822','AS SB CH 1 TEE','IN WORK','','','','SKATEBOARDING','','806822-100','692158','dwalk6',434),(4,'806823','SB CH 2 TEE','IN WORK','','','','SKATEBOARDING','','806823-364','692156','dwalk6',435),(4,'806822','AS SB CH 1 TEE','IN WORK','','','','SKATEBOARDING','','806822-010','692158','dwalk6',436),(4,'806821','SB CH 1 TEE','IN WORK','','','','SKATEBOARDING','','806821-392','692158','dwalk6',437),(4,'806741','LEBRON BRAND MARK 1','IN WORK','','','','BASKETBALL','','806741-100','692486','isonne',438),(4,'806741','LEBRON BRAND MARK 1','IN WORK','','','','BASKETBALL','','806741-063','692486','isonne',439),(4,'806741','LEBRON BRAND MARK 1','IN WORK','','','','BASKETBALL','','806741-392','692486','isonne',440),(4,'806742','AS LEBRON BRAND MARK 1','IN WORK','','','','BASKETBALL','','806742-392','692486','isonne',441),(4,'806742','AS LEBRON BRAND MARK 1','IN WORK','','','','BASKETBALL','','806742-010','692486','isonne',442),(4,'806742','AS LEBRON BRAND MARK 1','IN WORK','','','','BASKETBALL','','806742-100','692486','isonne',443),(4,'806742','AS LEBRON BRAND MARK 1','IN WORK','','','','BASKETBALL','','806742-677','692486','isonne',444),(4,'806741','LEBRON BRAND MARK 1','IN WORK','','','','BASKETBALL','','806741-677','692486','isonne',445),(4,'806741','LEBRON BRAND MARK 1','IN WORK','','','','BASKETBALL','','806741-010','692486','isonne',446),(4,'806742','AS LEBRON BRAND MARK 1','IN WORK','','','','BASKETBALL','','806742-063','692486','isonne',447),(4,'806745','LEBRON ART 1','IN WORK','','','','BASKETBALL','','806745-010','692487','isonne',448),(4,'806745','LEBRON ART 1','IN WORK','','','','BASKETBALL','','806745-063','692487','isonne',449),(4,'806745','LEBRON ART 1','IN WORK','','','','BASKETBALL','','806745-100','692487','isonne',450),(4,'806746','AS LEBRON ART 1','IN WORK','','','','BASKETBALL','','806746-010','692487','isonne',451),(4,'806745','LEBRON ART 1','IN WORK','','','','BASKETBALL','','806745-392','692487','isonne',452),(4,'806746','AS LEBRON ART 1','IN WORK','','','','BASKETBALL','','806746-677','692487','isonne',453),(4,'806746','AS LEBRON ART 1','IN WORK','','','','BASKETBALL','','806746-063','692487','isonne',454),(4,'806745','LEBRON ART 1','IN WORK','','','','BASKETBALL','','806745-677','692487','isonne',455),(4,'806746','AS LEBRON ART 1','IN WORK','','','','BASKETBALL','','806746-392','692487','isonne',456),(4,'806746','AS LEBRON ART 1','IN WORK','','','','BASKETBALL','','806746-100','692487','isonne',457),(4,'806747','LEBRON ART 2','IN WORK','','','','BASKETBALL','','806747-677','692490','isonne',458),(4,'806747','LEBRON ART 2','IN WORK','','','','BASKETBALL','','806747-010','692490','isonne',459),(4,'806748','AS LEBRON ART 2','IN WORK','','','','BASKETBALL','','806748-100','692490','isonne',460),(4,'806747','LEBRON ART 2','IN WORK','','','','BASKETBALL','','806747-063','692490','isonne',461),(4,'806748','AS LEBRON ART 2','IN WORK','','','','BASKETBALL','','806748-677','692490','isonne',462),(4,'806748','AS LEBRON ART 2','IN WORK','','','','BASKETBALL','','806748-010','692490','isonne',463),(4,'806748','AS LEBRON ART 2','IN WORK','','','','BASKETBALL','','806748-063','692490','isonne',464),(4,'806747','LEBRON ART 2','IN WORK','','','','BASKETBALL','','806747-100','692490','isonne',465),(4,'806984','KD VERBIAGE 1','IN WORK','','','','BASKETBALL','','806984-010','692500','isonne',466),(4,'806985','AS KD VERBIAGE 1','IN WORK','','','','BASKETBALL','','806985-100','692500','isonne',467),(4,'806984','KD VERBIAGE 1','IN WORK','','','','BASKETBALL','','806984-100','692500','isonne',468),(4,'806984','KD VERBIAGE 1','IN WORK','','','','BASKETBALL','','806984-404','692500','isonne',469),(4,'806985','AS KD VERBIAGE 1','IN WORK','','','','BASKETBALL','','806985-010','692500','isonne',470),(4,'806985','AS KD VERBIAGE 1','IN WORK','','','','BASKETBALL','','806985-063','692500','isonne',471),(4,'806984','KD VERBIAGE 1','IN WORK','','','','BASKETBALL','','806984-063','692500','isonne',472),(4,'806985','AS KD VERBIAGE 1','IN WORK','','','','BASKETBALL','','806985-404','692500','isonne',473),(4,'806985','AS KD VERBIAGE 1','IN WORK','','','','BASKETBALL','','806985-455','692500','isonne',474),(4,'806984','KD VERBIAGE 1','IN WORK','','','','BASKETBALL','','806984-455','692500','isonne',475),(4,'806756','AS KOBE BRAND MARK 1','IN WORK','','','','BASKETBALL','','806756-100','692501','isonne',476),(4,'806755','KOBE BRAND MARK 1','IN WORK','','','','BASKETBALL','','806755-392','692501','isonne',477),(4,'806755','KOBE BRAND MARK 1','IN WORK','','','','BASKETBALL','','806755-010','692501','isonne',478),(4,'806755','KOBE BRAND MARK 1','IN WORK','','','','BASKETBALL','','806755-100','692501','isonne',479),(4,'806755','KOBE BRAND MARK 1','IN WORK','','','','BASKETBALL','','806755-012','692501','isonne',480),(4,'806756','AS KOBE BRAND MARK 1','IN WORK','','','','BASKETBALL','','806756-392','692501','isonne',481),(4,'806756','AS KOBE BRAND MARK 1','IN WORK','','','','BASKETBALL','','806756-012','692501','isonne',482),(4,'806756','AS KOBE BRAND MARK 1','IN WORK','','','','BASKETBALL','','806756-010','692501','isonne',483),(4,'806757','KOBE ART DROPTAIL TEE','IN WORK','','','','BASKETBALL','','806757-100','692503','isonne',484),(4,'806758','AS KOBE ART DROPTAIL TEE','IN WORK','','','','BASKETBALL','','806758-100','692503','isonne',485),(4,'806758','AS KOBE ART DROPTAIL TEE','IN WORK','','','','BASKETBALL','','806758-524','692503','isonne',486),(4,'806757','KOBE ART DROPTAIL TEE','IN WORK','','','','BASKETBALL','','806757-046','692503','isonne',487),(4,'806757','KOBE ART DROPTAIL TEE','IN WORK','','','','BASKETBALL','','806757-010','692503','isonne',488),(4,'806758','AS KOBE ART DROPTAIL TEE','IN WORK','','','','BASKETBALL','','806758-010','692503','isonne',489),(4,'806757','KOBE ART DROPTAIL TEE','IN WORK','','','','BASKETBALL','','806757-063','692503','isonne',490),(4,'806758','AS KOBE ART DROPTAIL TEE','IN WORK','','','','BASKETBALL','','806758-046','692503','isonne',491),(4,'806758','AS KOBE ART DROPTAIL TEE','IN WORK','','','','BASKETBALL','','806758-063','692503','isonne',492),(4,'806757','KOBE ART DROPTAIL TEE','IN WORK','','','','BASKETBALL','','806757-524','692503','isonne',493),(4,'806760','AS KOBE VERBIAGE 1','IN WORK','','','','BASKETBALL','','806760-010','692504','isonne',494),(4,'806759','KOBE VERBIAGE 1','IN WORK','','','','BASKETBALL','','806759-063','692504','isonne',495),(4,'806759','KOBE VERBIAGE 1','IN WORK','','','','BASKETBALL','','806759-010','692504','isonne',496),(4,'806759','KOBE VERBIAGE 1','IN WORK','','','','BASKETBALL','','806759-046','692504','isonne',497),(4,'806760','AS KOBE VERBIAGE 1','IN WORK','','','','BASKETBALL','','806760-063','692504','isonne',498),(4,'806759','KOBE VERBIAGE 1','IN WORK','','','','BASKETBALL','','806759-100','692504','isonne',499),(4,'806760','AS KOBE VERBIAGE 1','IN WORK','','','','BASKETBALL','','806760-100','692504','isonne',500),(4,'806760','AS KOBE VERBIAGE 1','IN WORK','','','','BASKETBALL','','806760-046','692504','isonne',501),(4,'806764','AS KYRIE BRAND MARK 1','IN WORK','','','','BASKETBALL','','806764-010','692505','isonne',502),(4,'806763','KYRIE BRAND MARK 1','IN WORK','','','','BASKETBALL','','806763-010','692505','isonne',503),(4,'806761','KYRIE ART 1','IN WORK','','','','BASKETBALL','','806761-010','692507','isonne',504),(4,'806762','AS KYRIE ART 1','IN WORK','','','','BASKETBALL','','806762-010','692507','isonne',505),(4,'806761','KYRIE ART 1','IN WORK','','','','BASKETBALL','','806761-100','692507','isonne',506),(4,'806761','KYRIE ART 1','IN WORK','','','','BASKETBALL','','806761-063','692507','isonne',507),(4,'806762','AS KYRIE ART 1','IN WORK','','','','BASKETBALL','','806762-100','692507','isonne',508),(4,'806762','AS KYRIE ART 1','IN WORK','','','','BASKETBALL','','806762-063','692507','isonne',509),(4,'806924','DB NO REST TEE','IN WORK','','','','TRAINING','','806924-404','692800','mgalla',510),(4,'806923','AS DB NO REST TEE','IN WORK','','','','TRAINING','','806923-404','692800','mgalla',511),(4,'806924','DB NO REST TEE','IN WORK','','','','TRAINING','','806924-063','692800','mgalla',512),(4,'806923','AS DB NO REST TEE','IN WORK','','','','TRAINING','','806923-063','692800','mgalla',513),(4,'806924','DB NO REST TEE','IN WORK','','','','TRAINING','','806924-100','692800','mgalla',514),(4,'806923','AS DB NO REST TEE','IN WORK','','','','TRAINING','','806923-100','692800','mgalla',515),(4,'806924','DB NO REST TEE','IN WORK','','','','TRAINING','','806924-046','692800','mgalla',516),(4,'806923','AS DB NO REST TEE','IN WORK','','','','TRAINING','','806923-046','692800','mgalla',517),(4,'810524','EM NIKE LEG-A-SEE LOGO','IN WORK','','','','NIKE SPORTSWEAR','','810524-010','751477','ncalom',518),(4,'BA5254','NIKE ALPH ADPT RISE BP','IN WORK','','','','BAGS','','BA5254-681','699349','ngodfr',519),(4,'BA5254','NIKE ALPH ADPT RISE BP','IN WORK','','','','BAGS','','BA5254-364','699349','ngodfr',520),(4,'823586','SB EVERETT GRAPHIC PANT','IN WORK','','','','SKATEBOARDING','','823586-364','738572','dwalk6',521),(4,'823587','AS SB EVERETT GRAPHIC PANT','IN WORK','','','','SKATEBOARDING','','823587-364','738572','dwalk6',522),(4,'823586','SB EVERETT GRAPHIC PANT','IN WORK','','','','SKATEBOARDING','','823586-010','738572','dwalk6',523),(4,'823587','AS SB EVERETT GRAPHIC PANT','IN WORK','','','','SKATEBOARDING','','823587-010','738572','dwalk6',524),(4,'823588','SB BOLT COACHES JACKET','IN WORK','','','','SKATEBOARDING','','823588-364','738577','dwalk6',525),(4,'823589','AS SB BOLT COACHES JACKET','IN WORK','','','','SKATEBOARDING','','823589-364','738577','dwalk6',526),(4,'823588','SB BOLT COACHES JACKET','IN WORK','','','','SKATEBOARDING','','823588-010','738577','dwalk6',527),(4,'823589','AS SB BOLT COACHES JACKET','IN WORK','','','','SKATEBOARDING','','823589-010','738577','dwalk6',528),(4,'823590','SB DRI-FIT NEPPS SS POCKET TEE','IN WORK','','','','SKATEBOARDING','','823590-151','738588','dwalk6',529),(4,'823591','AS SB DRI-FIT NEPPS SS POCKET','IN WORK','','','','SKATEBOARDING','','823591-151','738588','dwalk6',530),(4,'824366','SB DRI-FIT PIQUE LS POLO','IN WORK','','','','SKATEBOARDING','','824366-003','744112','dwalk6',531),(4,'824367','AS SB DRI-FIT PIQUE LS POLO','IN WORK','','','','SKATEBOARDING','','824367-003','744112','dwalk6',532),(4,'824393','LBJ M WINTERIZED FZ HOODIE','IN WORK','','','','BASKETBALL','','824393-060','744260','isonne',533),(4,'824394','AS LBJ M WINTERIZED FZ HOODIE','IN WORK','','','','BASKETBALL','','824394-060','744260','isonne',534),(4,'824393','LBJ M WINTERIZED FZ HOODIE','IN WORK','','','','BASKETBALL','','824393-677','744260','isonne',535),(4,'824394','AS LBJ M WINTERIZED FZ HOODIE','IN WORK','','','','BASKETBALL','','824394-677','744260','isonne',536),(4,'824393','LBJ M WINTERIZED FZ HOODIE','IN WORK','','','','BASKETBALL','','824393-392','744260','isonne',537),(4,'824394','AS LBJ M WINTERIZED FZ HOODIE','IN WORK','','','','BASKETBALL','','824394-392','744260','isonne',538),(4,'824393','LBJ M WINTERIZED FZ HOODIE','IN WORK','','','','BASKETBALL','','824393-010','744260','isonne',539),(4,'824394','AS LBJ M WINTERIZED FZ HOODIE','IN WORK','','','','BASKETBALL','','824394-010','744260','isonne',540),(4,'824395','LBJ M WINTERIZED PANT','IN WORK','','','','BASKETBALL','','824395-010','744261','isonne',541),(4,'824396','AS LBJ M WINTERIZED PANT','IN WORK','','','','BASKETBALL','','824396-010','744261','isonne',542),(4,'824395','LBJ M WINTERIZED PANT','IN WORK','','','','BASKETBALL','','824395-060','744261','isonne',543),(4,'824396','AS LBJ M WINTERIZED PANT','IN WORK','','','','BASKETBALL','','824396-060','744261','isonne',544),(4,'824395','LBJ M WINTERIZED PANT','IN WORK','','','','BASKETBALL','','824395-032','744261','isonne',545),(4,'824396','AS LBJ M WINTERIZED PANT','IN WORK','','','','BASKETBALL','','824396-032','744261','isonne',546),(4,'234921','DRIFIT SPIROS CAP','IN WORK','','','','RUNNING','','234921-387','744547','ncalo1',547),(4,'234921','DRIFIT SPIROS CAP','IN WORK','','','','RUNNING','','234921-842','744547','ncalo1',548),(4,'694239','EM NIKE ESSENTIAL 8\" SHORT','IN WORK','','','','RUNNING','','694239-524','744558','ncalom',549),(4,'744552','EM NIKE ESSENTIAL CROP','IN WORK','','','','RUNNING','','744552-524','744560','ncalom',550),(4,'694241','EM NIKE ESSENTIAL TIGHT','IN WORK','','','','RUNNING','','694241-524','744561','ncalom',551),(4,'694241','EM NIKE ESSENTIAL TIGHT','IN WORK','','','','RUNNING','','694241-364','744561','ncalom',552),(4,'716614','EM NIKE RAPIDO 2.0 SS','IN WORK','','','','RUNNING','','716614-387','744564','ncalom',553),(4,'716614','EM NIKE RAPIDO 2.0 SS','IN WORK','','','','RUNNING','','716614-842','744564','ncalom',554),(4,'667672','EM RACER SS','IN WORK','','','','RUNNING','','667672-392','744588','ncalom',555),(4,'667674','EM RACER SS TOP','IN WORK','','','','RUNNING','','667674-451','744641','ncalom',556),(4,'825616','EM W NSW CAPRI LGGNG AOP','IN WORK','','','','NIKE SPORTSWEAR','','825616-524','745681','ncalom',557),(4,'825616','EM W NSW CAPRI LGGNG AOP','IN WORK','','','','NIKE SPORTSWEAR','','825616-010','745681','ncalom',558),(4,'825614','EM NIKE LEG-A-SEE-AOP','IN WORK','','','','NIKE SPORTSWEAR','','825614-010','745685','ncalom',559),(4,'825614','EM NIKE LEG-A-SEE-AOP','IN WORK','','','','NIKE SPORTSWEAR','','825614-449','745685','ncalom',560),(4,'SX5442','NSW WOMENS RED LABEL-TECH PACK','IN WORK','','','','SOCKS','','SX5442-449','748763','sneund',561),(4,'SX5442','NSW WOMENS RED LABEL-TECH PACK','IN WORK','','','','SOCKS','','SX5442-532','748763','sneund',562),(4,'826719','AS EM TS CRKT HITMARK WVN PANT','IN WORK','','','','CRICKET','','826719-448','750884','ncalo1',563),(4,'826719','AS EM TS CRKT HITMARK WVN PANT','IN WORK','','','','CRICKET','','826719-702','750884','ncalo1',564),(4,'826719','AS EM TS CRKT HITMARK WVN PANT','IN WORK','','','','CRICKET','','826719-891','750884','ncalo1',565),(4,'826719','AS EM TS CRKT HITMARK WVN PANT','IN WORK','','','','CRICKET','','826719-657','750884','ncalo1',566),(4,'826719','AS EM TS CRKT HITMARK WVN PANT','IN WORK','','','','CRICKET','','826719-410','750884','ncalo1',567),(4,'826719','AS EM TS CRKT HITMARK WVN PANT','IN WORK','','','','CRICKET','','826719-480','750884','ncalo1',568),(4,'826719','AS EM TS CRKT HITMARK WVN PANT','IN WORK','','','','CRICKET','','826719-739','750884','ncalo1',569),(4,'826718','AS EM TS CRKT HITMARK FLCE VES','IN WORK','','','','CRICKET','','826718-133','750887','ncalom',570),(4,'826718','AS EM TS CRKT HITMARK FLCE VES','IN WORK','','','','CRICKET','','826718-480','750887','ncalom',571),(4,'826718','AS EM TS CRKT HITMARK FLCE VES','IN WORK','','','','CRICKET','','826718-448','750887','ncalom',572),(4,'826717','AS EM TS CRKT HITMARK LS FLCE','IN WORK','','','','CRICKET','','826717-448','750885','ncalom',573),(4,'826717','AS EM TS CRKT HITMARK LS FLCE','IN WORK','','','','CRICKET','','826717-480','750885','ncalom',574),(4,'826717','AS EM TS CRKT HITMARK LS FLCE','IN WORK','','','','CRICKET','','826717-133','750885','ncalom',575),(4,'826716','AS EM TS CRKT HITMARK WVN JACK','IN WORK','','','','CRICKET','','826716-480','793298','ncalom',576),(4,'826716','AS EM TS CRKT HITMARK WVN JACK','IN WORK','','','','CRICKET','','826716-410','793298','ncalom',577),(4,'826716','AS EM TS CRKT HITMARK WVN JACK','IN WORK','','','','CRICKET','','826716-448','793298','ncalom',578),(4,'706626','AS DRI-FIT SS VERSION 2.0 TEE','IN WORK','','','','TRAINING','','706626-032','754176','mgalla',579),(4,'706625','DRI-FIT SS VERSION 2.0 TEE','IN WORK','','','','TRAINING','','706625-032','754176','mgalla',580),(4,'GB0413','NIKE MVP ELITE','IN WORK','','','','BASEBALL','','GB0413-412','691342','jmarvi',581),(4,'GB0413','NIKE MVP ELITE','IN WORK','','','','BASEBALL','','GB0413-401','691342','jmarvi',582),(4,'GB0418','NIKE MVP PRO','IN WORK','','','','BASEBALL','','GB0418-412','691337','jmarvi',583),(4,'GB0418','NIKE MVP PRO','IN WORK','','','','BASEBALL','','GB0418-667','691337','jmarvi',584),(4,'GB0420','NIKE MVP EDGE','IN WORK','','','','BASEBALL','','GB0420-401','691336','jmarvi',585),(4,'GB0420','NIKE MVP EDGE','IN WORK','','','','BASEBALL','','GB0420-671','691336','jmarvi',586),(4,'827394','CRCKT STATEMENT TEE','IN WORK','','','','CRICKET','','827394-435','750643','ncalo1',587),(4,'827394','CRCKT STATEMENT TEE','IN WORK','','','','CRICKET','','827394-100','750643','ncalo1',588),(4,'827393','CRCKT GS STRIPE POLO','IN WORK','','','','CRICKET','','827393-435','750647','ncalo1',589),(4,'827393','CRCKT GS STRIPE POLO','IN WORK','','','','CRICKET','','827393-100','750647','ncalo1',590),(4,'827392','CRCKT CORE TEE','IN WORK','','','','CRICKET','','827392-657','750648','ncalo1',591),(4,'827392','CRCKT CORE TEE','IN WORK','','','','CRICKET','','827392-423','750648','ncalo1',592),(4,'GB0419','NIKE HUARACHE EDGE YOUTH','IN WORK','','','','BASEBALL','','GB0419-671','691338','jmarvi',593),(4,'GB0419','NIKE HUARACHE EDGE YOUTH','IN WORK','','','','BASEBALL','','GB0419-401','691338','jmarvi',594),(4,'810524','EM NIKE LEG-A-SEE LOGO','IN WORK','','','','NIKE SPORTSWEAR','','810524-524','751477','ncalom',595),(4,'828655','DFCT TALI STATIC SWOOSH TEE','IN WORK','','','','TRAINING','','828655-046','754604','mgalla',596),(4,'828657','DFCT GRIND UP TEE','IN WORK','','','','TRAINING','','828657-404','754605','mgalla',597),(4,'828655','DFCT TALI STATIC SWOOSH TEE','IN WORK','','','','TRAINING','','828655-696','754604','mgalla',598),(4,'828657','DFCT GRIND UP TEE','IN WORK','','','','TRAINING','','828657-842','754605','mgalla',599),(4,'828657','DFCT GRIND UP TEE','IN WORK','','','','TRAINING','','828657-010','754605','mgalla',600),(4,'828655','DFCT TALI STATIC SWOOSH TEE','IN WORK','','','','TRAINING','','828655-091','754604','mgalla',601),(4,'828657','DFCT GRIND UP TEE','IN WORK','','','','TRAINING','','828657-071','754605','mgalla',602),(4,'828655','DFCT TALI STATIC SWOOSH TEE','IN WORK','','','','TRAINING','','828655-404','754604','mgalla',603),(4,'828655','DFCT TALI STATIC SWOOSH TEE','IN WORK','','','','TRAINING','','828655-100','754604','mgalla',604),(4,'828657','DFCT GRIND UP TEE','IN WORK','','','','TRAINING','','828657-340','754605','mgalla',605),(4,'828656','AS DFCT TALI STATIC SWOOSH TEE','IN WORK','','','','TRAINING','','828656-091','754604','mgalla',606),(4,'828656','AS DFCT TALI STATIC SWOOSH TEE','IN WORK','','','','TRAINING','','828656-046','754604','mgalla',607),(4,'828656','AS DFCT TALI STATIC SWOOSH TEE','IN WORK','','','','TRAINING','','828656-404','754604','mgalla',608),(4,'828656','AS DFCT TALI STATIC SWOOSH TEE','IN WORK','','','','TRAINING','','828656-696','754604','mgalla',609),(4,'828656','AS DFCT TALI STATIC SWOOSH TEE','IN WORK','','','','TRAINING','','828656-100','754604','mgalla',610),(4,'828658','AS DFCT GRIND UP TEE','IN WORK','','','','TRAINING','','828658-842','754605','mgalla',611),(4,'828658','AS DFCT GRIND UP TEE','IN WORK','','','','TRAINING','','828658-404','754605','mgalla',612),(4,'828658','AS DFCT GRIND UP TEE','IN WORK','','','','TRAINING','','828658-010','754605','mgalla',613),(4,'828658','AS DFCT GRIND UP TEE','IN WORK','','','','TRAINING','','828658-071','754605','mgalla',614),(4,'828658','AS DFCT GRIND UP TEE','IN WORK','','','','TRAINING','','828658-340','754605','mgalla',615),(4,'SX5442','NSW WOMENS RED LABEL-TECH PACK','IN WORK','','','','SOCKS','','SX5442-850','748763','sneund',616),(4,'829578','NIKELAB ACG CARGO PANT','IN WORK','','','','NIKE SPORTSWEAR','','829578-010','810895','aalva6',617),(4,'829598','NIKE TEE-NIKE VERTICAL','IN WORK','','','','NIKE SPORTSWEAR','','829598-850','756903','hcross',618),(4,'829598','NIKE TEE-NIKE VERTICAL','IN WORK','','','','NIKE SPORTSWEAR','','829598-010','756903','hcross',619),(4,'829598','NIKE TEE-NIKE VERTICAL','IN WORK','','','','NIKE SPORTSWEAR','','829598-423','756903','hcross',620),(4,'829598','NIKE TEE-NIKE VERTICAL','IN WORK','','','','NIKE SPORTSWEAR','','829598-392','756903','hcross',621),(4,'829598','NIKE TEE-NIKE VERTICAL','IN WORK','','','','NIKE SPORTSWEAR','','829598-100','756903','hcross',622),(4,'829599','AS NIKE TEE-NIKE VERTICAL','IN WORK','','','','NIKE SPORTSWEAR','','829599-423','756903','hcross',623),(4,'829599','AS NIKE TEE-NIKE VERTICAL','IN WORK','','','','NIKE SPORTSWEAR','','829599-392','756903','hcross',624),(4,'829599','AS NIKE TEE-NIKE VERTICAL','IN WORK','','','','NIKE SPORTSWEAR','','829599-850','756903','hcross',625),(4,'829599','AS NIKE TEE-NIKE VERTICAL','IN WORK','','','','NIKE SPORTSWEAR','','829599-100','756903','hcross',626),(4,'829599','AS NIKE TEE-NIKE VERTICAL','IN WORK','','','','NIKE SPORTSWEAR','','829599-010','756903','hcross',627),(4,'800964','SB LONG SLEEVE THERMAL','IN WORK','','','','SKATEBOARDING','','800964-801','681725','dwalk6',628),(4,'800964','SB LONG SLEEVE THERMAL','IN WORK','','','','SKATEBOARDING','','800964-353','681725','dwalk6',629),(4,'800964','SB LONG SLEEVE THERMAL','IN WORK','','','','SKATEBOARDING','','800964-677','681725','dwalk6',630),(4,'800964','SB LONG SLEEVE THERMAL','IN WORK','','','','SKATEBOARDING','','800964-364','681725','dwalk6',631),(4,'800965','AS SB LONG SLEEVE THERMAL','IN WORK','','','','SKATEBOARDING','','800965-801','681725','dwalk6',632),(4,'800965','AS SB LONG SLEEVE THERMAL','IN WORK','','','','SKATEBOARDING','','800965-364','681725','dwalk6',633),(4,'800965','AS SB LONG SLEEVE THERMAL','IN WORK','','','','SKATEBOARDING','','800965-353','681725','dwalk6',634),(4,'800965','AS SB LONG SLEEVE THERMAL','IN WORK','','','','SKATEBOARDING','','800965-677','681725','dwalk6',635),(4,'831172','SB ICON BOLT CREW','IN WORK','','','','SKATEBOARDING','','831172-364','759324','dwalk6',636),(4,'831172','SB ICON BOLT CREW','IN WORK','','','','SKATEBOARDING','','831172-151','759324','dwalk6',637),(4,'831172','SB ICON BOLT CREW','IN WORK','','','','SKATEBOARDING','','831172-010','759324','dwalk6',638),(4,'831172','SB ICON BOLT CREW','IN WORK','','','','SKATEBOARDING','','831172-677','759324','dwalk6',639),(4,'831173','AS SB ICON BOLT CREW','IN WORK','','','','SKATEBOARDING','','831173-677','759324','dwalk6',640),(4,'831173','AS SB ICON BOLT CREW','IN WORK','','','','SKATEBOARDING','','831173-151','759324','dwalk6',641),(4,'831173','AS SB ICON BOLT CREW','IN WORK','','','','SKATEBOARDING','','831173-364','759324','dwalk6',642),(4,'831173','AS SB ICON BOLT CREW','IN WORK','','','','SKATEBOARDING','','831173-010','759324','dwalk6',643),(4,'831174','SB ICON STAMPED FZ HOODIE','IN WORK','','','','SKATEBOARDING','','831174-063','759325','lpeart',644),(4,'831174','SB ICON STAMPED FZ HOODIE','IN WORK','','','','SKATEBOARDING','','831174-010','759325','lpeart',645),(4,'831174','SB ICON STAMPED FZ HOODIE','IN WORK','','','','SKATEBOARDING','','831174-151','759325','lpeart',646),(4,'831174','SB ICON STAMPED FZ HOODIE','IN WORK','','','','SKATEBOARDING','','831174-451','759325','lpeart',647),(4,'831175','AS SB ICON STAMPED FZ HOODIE','IN WORK','','','','SKATEBOARDING','','831175-063','759325','lpeart',648),(4,'831175','AS SB ICON STAMPED FZ HOODIE','IN WORK','','','','SKATEBOARDING','','831175-451','759325','lpeart',649),(4,'831175','AS SB ICON STAMPED FZ HOODIE','IN WORK','','','','SKATEBOARDING','','831175-151','759325','lpeart',650),(4,'831175','AS SB ICON STAMPED FZ HOODIE','IN WORK','','','','SKATEBOARDING','','831175-010','759325','lpeart',651),(4,'667617','SB DF SOLID POCKET TEE','IN WORK','','','','SKATEBOARDING','','667617-451','750303','lpeart',652),(4,'667617','SB DF SOLID POCKET TEE','IN WORK','','','','SKATEBOARDING','','667617-353','750303','lpeart',653),(4,'667617','SB DF SOLID POCKET TEE','IN WORK','','','','SKATEBOARDING','','667617-801','750303','lpeart',654),(4,'806054','SB DOT TEE','IN WORK','','','','SKATEBOARDING','','806054-677','750302','dwalk6',655),(4,'806054','SB DOT TEE','IN WORK','','','','SKATEBOARDING','','806054-011','750302','dwalk6',656),(4,'806054','SB DOT TEE','IN WORK','','','','SKATEBOARDING','','806054-451','750302','dwalk6',657),(4,'806055','AS SB DOT TEE','IN WORK','','','','SKATEBOARDING','','806055-011','750302','dwalk6',658),(4,'806055','AS SB DOT TEE','IN WORK','','','','SKATEBOARDING','','806055-451','750302','dwalk6',659),(4,'806055','AS SB DOT TEE','IN WORK','','','','SKATEBOARDING','','806055-677','750302','dwalk6',660),(4,'806101','SB LOGO STAMP TEE','IN WORK','','','','SKATEBOARDING','','806101-060','691718','lpeart',661),(4,'806102','AS SB LOGO STAMP TEE','IN WORK','','','','SKATEBOARDING','','806102-060','691718','lpeart',662),(4,'821946','SB LOGO TEE','IN WORK','','','','SKATEBOARDING','','821946-364','750301','dwalk6',663),(4,'821946','SB LOGO TEE','IN WORK','','','','SKATEBOARDING','','821946-011','750301','dwalk6',664),(4,'821946','SB LOGO TEE','IN WORK','','','','SKATEBOARDING','','821946-067','750301','dwalk6',665),(4,'821947','AS SB LOGO TEE','IN WORK','','','','SKATEBOARDING','','821947-011','750301','dwalk6',666),(4,'821947','AS SB LOGO TEE','IN WORK','','','','SKATEBOARDING','','821947-364','750301','dwalk6',667),(4,'821947','AS SB LOGO TEE','IN WORK','','','','SKATEBOARDING','','821947-067','750301','dwalk6',668),(4,'806112','SB SWIRLS TEE','IN WORK','','','','SKATEBOARDING','','806112-508','691721','dwalk6',669),(4,'806113','AS SB SWIRLS TEE','IN WORK','','','','SKATEBOARDING','','806113-508','691721','dwalk6',670),(4,'806099','SB TIGER POCKET TEE','IN WORK','','','','SKATEBOARDING','','806099-801','691717','dwalk6',671),(4,'806100','AS SB TIGER POCKET TEE','IN WORK','','','','SKATEBOARDING','','806100-801','691717','dwalk6',672),(4,'806757','KOBE ART DROPTAIL TEE','IN WORK','','','','BASKETBALL','','806757-480','692503','isonne',673),(4,'806758','AS KOBE ART DROPTAIL TEE','IN WORK','','','','BASKETBALL','','806758-480','692503','isonne',674),(4,'806763','KYRIE BRAND MARK 1','IN WORK','','','','BASKETBALL','','806763-063','692505','isonne',675),(4,'806763','KYRIE BRAND MARK 1','IN WORK','','','','BASKETBALL','','806763-677','692505','isonne',676),(4,'806763','KYRIE BRAND MARK 1','IN WORK','','','','BASKETBALL','','806763-100','692505','isonne',677),(4,'806763','KYRIE BRAND MARK 1','IN WORK','','','','BASKETBALL','','806763-480','692505','isonne',678),(4,'806764','AS KYRIE BRAND MARK 1','IN WORK','','','','BASKETBALL','','806764-480','692505','isonne',679),(4,'806764','AS KYRIE BRAND MARK 1','IN WORK','','','','BASKETBALL','','806764-063','692505','isonne',680),(4,'806764','AS KYRIE BRAND MARK 1','IN WORK','','','','BASKETBALL','','806764-677','692505','isonne',681),(4,'806764','AS KYRIE BRAND MARK 1','IN WORK','','','','BASKETBALL','','806764-100','692505','isonne',682),(4,'806761','KYRIE ART 1','IN WORK','','','','BASKETBALL','','806761-451','692507','isonne',683),(4,'806762','AS KYRIE ART 1','IN WORK','','','','BASKETBALL','','806762-451','692507','isonne',684),(4,'806741','LEBRON BRAND MARK 1','IN WORK','','','','BASKETBALL','','806741-657','692486','isonne',685),(4,'806742','AS LEBRON BRAND MARK 1','IN WORK','','','','BASKETBALL','','806742-657','692486','isonne',686),(4,'804177','NIKE TEE-ART AOP SCOOP','IN WORK','','','','ATHLETIC DEPARTMENT','','804177-524','689454','hcross',687),(4,'804178','AS NIKE TEE-ART AOP SCOOP','IN WORK','','','','ATHLETIC DEPARTMENT','','804178-524','689454','hcross',688),(4,'804105','NIKE TEE-BF NSW OVERSIZE N','IN WORK','','','','NIKE SPORTSWEAR','','804105-681','689360','hcross',689),(4,'804106','AS NIKE TEE-BF NSW OVERSIZE N','IN WORK','','','','NIKE SPORTSWEAR','','804106-681','689360','hcross',690),(4,'805492','NIKE TEE-ICONIC AM90','IN WORK','','','','NIKE SPORTSWEAR','','805492-046','690797','hcross',691),(4,'805493','AS NIKE TEE-ICONIC AM90','IN WORK','','','','NIKE SPORTSWEAR','','805493-046','690797','hcross',692),(4,'804101','NIKE TEE-JDI BF','IN WORK','','','','NIKE SPORTSWEAR','','804101-364','689358','hcross',693),(4,'804102','AS NIKE TEE-JDI BF','IN WORK','','','','NIKE SPORTSWEAR','','804102-364','689358','hcross',694),(4,'804092','NIKE TEE-LS JDI','IN WORK','','','','NIKE SPORTSWEAR','','804092-418','689351','hcross',695),(4,'804093','AS NIKE TEE-LS JDI','IN WORK','','','','NIKE SPORTSWEAR','','804093-418','689351','hcross',696),(4,'804191','NIKE TEE-NIKE METALLIC','IN WORK','','','','ATHLETIC DEPARTMENT','','804191-100','689494','hcross',697),(4,'804191','NIKE TEE-NIKE METALLIC','IN WORK','','','','ATHLETIC DEPARTMENT','','804191-687','689494','hcross',698),(4,'804192','AS NIKE TEE-NIKE METALLIC','IN WORK','','','','ATHLETIC DEPARTMENT','','804192-100','689494','hcross',699),(4,'804192','AS NIKE TEE-NIKE METALLIC','IN WORK','','','','ATHLETIC DEPARTMENT','','804192-687','689494','hcross',700),(4,'804107','NIKE TEE-RAGLAN VARSITY JDI','IN WORK','','','','ATHLETIC DEPARTMENT','','804107-063','689362','hcross',701),(4,'804108','AS NIKE TEE-RAGLAN VARSITY JDI','IN WORK','','','','ATHLETIC DEPARTMENT','','804108-063','689362','hcross',702),(4,'804094','NIKE TEE-ROSTARR NIKE','IN WORK','','','','NIKE SPORTSWEAR','','804094-046','689352','hcross',703),(4,'804095','AS NIKE TEE-ROSTARR NIKE','IN WORK','','','','NIKE SPORTSWEAR','','804095-046','689352','hcross',704),(4,'718603','NIKE TEE-ICON FUTURA','IN WORK','','','','NIKE SPORTSWEAR','','718603-681','758132','mmcgug',705),(4,'718603','NIKE TEE-ICON FUTURA','IN WORK','','','','NIKE SPORTSWEAR','','718603-850','758132','mmcgug',706),(4,'718604','AS NIKE TEE-ICON FUTURA','IN WORK','','','','NIKE SPORTSWEAR','','718604-850','758132','mmcgug',707),(4,'718604','AS NIKE TEE-ICON FUTURA','IN WORK','','','','NIKE SPORTSWEAR','','718604-681','758132','mmcgug',708),(4,'804183','NIKE TEE-MY CITY MY RULES','IN WORK','','','','ATHLETIC DEPARTMENT','','804183-850','689489','hcross',709),(4,'804184','AS NIKE TEE-MY CITY MY RULES','IN WORK','','','','ATHLETIC DEPARTMENT','','804184-850','689489','hcross',710),(4,'804189','NIKE TEE-BF VARSITY 72 MESH','IN WORK','','','','ATHLETIC DEPARTMENT','','804189-010','689493','hcross',711),(4,'804190','AS NIKE TEE-BF VARSITY 72 MESH','IN WORK','','','','ATHLETIC DEPARTMENT','','804190-010','689493','hcross',712),(4,'804099','NIKE TEE-BF AIRMAX 90 AOP','IN WORK','','','','NIKE SPORTSWEAR','','804099-091','689357','hcross',713),(4,'804100','AS NIKE TEE-AIRMAX 90 AOP','IN WORK','','','','NIKE SPORTSWEAR','','804100-091','689357','hcross',714),(4,'804130','NIKE TEE-FUTURA SCOOP','IN WORK','','','','NIKE SPORTSWEAR','','804130-392','756756','hcross',715),(4,'804130','NIKE TEE-FUTURA SCOOP','IN WORK','','','','NIKE SPORTSWEAR','','804130-533','756756','hcross',716),(4,'804130','NIKE TEE-FUTURA SCOOP','IN WORK','','','','NIKE SPORTSWEAR','','804130-658','756756','hcross',717),(4,'804131','AS NIKE TEE-FUTURA SCOOP','IN WORK','','','','NIKE SPORTSWEAR','','804131-658','756756','hcross',718),(4,'804131','AS NIKE TEE-FUTURA SCOOP','IN WORK','','','','NIKE SPORTSWEAR','','804131-533','756756','hcross',719),(4,'804131','AS NIKE TEE-FUTURA SCOOP','IN WORK','','','','NIKE SPORTSWEAR','','804131-392','756756','hcross',720),(4,'800111','LBJ M MVP HOODED SHOOTER','IN WORK','','','','BASKETBALL','','800111-071','677778','isonne',721),(4,'800112','AS LBJ M MVP HOODED SHOOTER','IN WORK','','','','BASKETBALL','','800112-071','677778','isonne',722),(4,'835951','PINNACLE SECURITY JACKET','IN WORK','','','','JORDAN OFF CRT BBALL','','835951-703','767456','jruud',723),(4,'835949','PINNACLE P/O HOODIE','IN WORK','','','','JORDAN OFF CRT BBALL','','835949-010','767459','jruud',724),(4,'835947','PINNACLE BASKETBALL WU TOP','IN WORK','','','','JORDAN PERF BBALL','','835947-010','767463','jruud',725),(4,'835945','PINNACLE BASKETBALL JERSEY','IN WORK','','','','JORDAN PERF BBALL','','835945-010','767464','jruud',726),(4,'835946','AS PINNACLE BASKETBALL JERSEY','IN WORK','','','','JORDAN PERF BBALL','','835946-010','767464','jruud',727),(4,'835950','AS PINNACLE P/O HOODIE','IN WORK','','','','JORDAN OFF CRT BBALL','','835950-010','767459','jruud',728),(4,'835952','AS PINNACLE SECURITY JACKET','IN WORK','','','','JORDAN OFF CRT BBALL','','835952-703','767456','jruud',729),(4,'835948','AS PINNACLE BASKETBALL WU TOP','IN WORK','','','','JORDAN PERF BBALL','','835948-010','767463','jruud',730),(4,'826580','NIKE TEE-VNECK FUTURA SWOOSH','IN WORK','','','','ATHLETIC DEPARTMENT','','826580-850','756783','hcross',731),(4,'826580','NIKE TEE-VNECK FUTURA SWOOSH','IN WORK','','','','ATHLETIC DEPARTMENT','','826580-524','756783','hcross',732),(4,'826580','NIKE TEE-VNECK FUTURA SWOOSH','IN WORK','','','','ATHLETIC DEPARTMENT','','826580-658','756783','hcross',733),(4,'826581','AS NIKE TEE-VNECK FUTURA SWOOS','IN WORK','','','','ATHLETIC DEPARTMENT','','826581-850','756783','hcross',734),(4,'826581','AS NIKE TEE-VNECK FUTURA SWOOS','IN WORK','','','','ATHLETIC DEPARTMENT','','826581-658','756783','hcross',735),(4,'826581','AS NIKE TEE-VNECK FUTURA SWOOS','IN WORK','','','','ATHLETIC DEPARTMENT','','826581-524','756783','hcross',736),(4,'718603','NIKE TEE-ICON FUTURA','IN WORK','','','','NIKE SPORTSWEAR','','718603-046','758132','mmcgug',737),(4,'718603','NIKE TEE-ICON FUTURA','IN WORK','','','','NIKE SPORTSWEAR','','718603-419','758132','mmcgug',738),(4,'718604','AS NIKE TEE-ICON FUTURA','IN WORK','','','','NIKE SPORTSWEAR','','718604-046','758132','mmcgug',739),(4,'718604','AS NIKE TEE-ICON FUTURA','IN WORK','','','','NIKE SPORTSWEAR','','718604-419','758132','mmcgug',740),(4,'803968','NIKE TANK-FUTURA RACER','IN WORK','','','','NIKE SPORTSWEAR','','803968-092','756755','hcross',741),(4,'803968','NIKE TANK-FUTURA RACER','IN WORK','','','','NIKE SPORTSWEAR','','803968-850','756755','hcross',742),(4,'803968','NIKE TANK-FUTURA RACER','IN WORK','','','','NIKE SPORTSWEAR','','803968-046','756755','hcross',743),(4,'803968','NIKE TANK-FUTURA RACER','IN WORK','','','','NIKE SPORTSWEAR','','803968-532','756755','hcross',744),(4,'803969','AS NIKE TANK-FUTURA RACER','IN WORK','','','','NIKE SPORTSWEAR','','803969-532','756755','hcross',745),(4,'803969','AS NIKE TANK-FUTURA RACER','IN WORK','','','','NIKE SPORTSWEAR','','803969-092','756755','hcross',746),(4,'803969','AS NIKE TANK-FUTURA RACER','IN WORK','','','','NIKE SPORTSWEAR','','803969-850','756755','hcross',747),(4,'803969','AS NIKE TANK-FUTURA RACER','IN WORK','','','','NIKE SPORTSWEAR','','803969-046','756755','hcross',748),(4,'836011','M NK DRY SHORT FLY TALI STATIC','IN WORK','','','','TRAINING','','836011-046','767687','mgalla',749),(4,'836011','M NK DRY SHORT FLY TALI STATIC','IN WORK','','','','TRAINING','','836011-043','767687','mgalla',750),(4,'836011','M NK DRY SHORT FLY TALI STATIC','IN WORK','','','','TRAINING','','836011-422','767687','mgalla',751),(4,'836011','M NK DRY SHORT FLY TALI STATIC','IN WORK','','','','TRAINING','','836011-045','767687','mgalla',752),(4,'836011','M NK DRY SHORT FLY TALI STATIC','IN WORK','','','','TRAINING','','836011-657','767687','mgalla',753),(4,'836011','M NK DRY SHORT FLY TALI STATIC','IN WORK','','','','TRAINING','','836011-702','767687','mgalla',754),(4,'836012','AS M NK DRY SHORT FLY TALI STA','IN WORK','','','','TRAINING','','836012-043','767687','mgalla',755),(4,'836012','AS M NK DRY SHORT FLY TALI STA','IN WORK','','','','TRAINING','','836012-046','767687','mgalla',756),(4,'836012','AS M NK DRY SHORT FLY TALI STA','IN WORK','','','','TRAINING','','836012-702','767687','mgalla',757),(4,'836012','AS M NK DRY SHORT FLY TALI STA','IN WORK','','','','TRAINING','','836012-657','767687','mgalla',758),(4,'836012','AS M NK DRY SHORT FLY TALI STA','IN WORK','','','','TRAINING','','836012-422','767687','mgalla',759),(4,'836012','AS M NK DRY SHORT FLY TALI STA','IN WORK','','','','TRAINING','','836012-045','767687','mgalla',760),(4,'806218','NIKE KOBE PERF LEATHER PRO','IN WORK','','','','NIKE SPORTSWEAR','','806218-392','691937','mmcgug',761),(4,'806221','NIKE LEBRON PERF LEATHER PRO','IN WORK','','','','NIKE SPORTSWEAR','','806221-046','691938','mmcgug',762),(4,'806219','NIKE KYRIE PERF LEATHER PRO','IN WORK','','','','NIKE SPORTSWEAR','','806219-677','691939','mmcgug',763),(4,'806217','NIKE KD PERF LEATHER PRO','IN WORK','','','','NIKE SPORTSWEAR','','806217-046','691940','mmcgug',764),(4,'803767','NIKE TRAIN SPHERE BEANIE','IN WORK','','','','TRAINING','','803767-065','691440','mgalla',765),(4,'803767','NIKE TRAIN SPHERE BEANIE','IN WORK','','','','TRAINING','','803767-340','691440','mgalla',766),(4,'803767','NIKE TRAIN SPHERE BEANIE','IN WORK','','','','TRAINING','','803767-010','691440','mgalla',767),(4,'803767','NIKE TRAIN SPHERE BEANIE','IN WORK','','','','TRAINING','','803767-657','691440','mgalla',768),(4,'803767','NIKE TRAIN SPHERE BEANIE','IN WORK','','','','TRAINING','','803767-011','691440','mgalla',769),(4,'729507','NIKE TRAIN TWILL H86','IN WORK','','','','TRAINING','','729507-677','691437','mgalla',770),(4,'729507','NIKE TRAIN TWILL H86','IN WORK','','','','TRAINING','','729507-404','691437','mgalla',771),(4,'729506','NIKE TRAIN VAPOR CLASSIC99','IN WORK','','','','TRAINING','','729506-340','691436','mgalla',772),(4,'729506','NIKE TRAIN VAPOR CLASSIC99','IN WORK','','','','TRAINING','','729506-677','691436','mgalla',773),(4,'803933','NIKE TRAIN VAPOR CLASSIC99 SF','IN WORK','','','','TRAINING','','803933-404','691441','mgalla',774),(4,'803933','NIKE TRAIN VAPOR CLASSIC99 SF','IN WORK','','','','TRAINING','','803933-340','691441','mgalla',775),(4,'729508','NIKE TRAIN VAPOR TRUE','IN WORK','','','','TRAINING','','729508-017','691439','mgalla',776),(4,'806048','NIKE SB WASHED CORDUROY PRO','IN WORK','','','','SKATEBOARDING','','806048-451','691668','dwalk6',777),(4,'806064','NIKE SB WINTERIZED 5 PANEL','IN WORK','','','','SKATEBOARDING','','806064-677','691683','dwalk6',778),(4,'832597','NIKE TWILL H86 - BLUE','IN WORK','','','','NIKE SPORTSWEAR','','832597-687','769743','hcross',779),(4,'832597','NIKE TWILL H86 - BLUE','IN WORK','','','','NIKE SPORTSWEAR','','832597-508','769743','hcross',780),(4,'806223','NIKE ROSE FUTURA TRUE','IN WORK','','','','NIKE SPORTSWEAR','','806223-687','691942','hcross',781),(4,'729507','NIKE TRAIN TWILL H86','IN WORK','','','','TRAINING','','729507-340','691437','mgalla',782),(4,'832597','NIKE TWILL H86 - BLUE','IN WORK','','','','NIKE SPORTSWEAR','','832597-850','769743','hcross',783),(4,'805304','FCB TRAINING BEANIE CRESTED','IN WORK','','','','FOOTBALL/SOCCER LICENSED','','805304-389','690550','tcha23',784),(4,'805305','PSG TRAINING BEANIE CRESTED','IN WORK','','','','FOOTBALL/SOCCER LICENSED','','805305-100','690551','tcha23',785),(4,'805306','ROMA TRAINING BEANIE CRESTED','IN WORK','','','','FOOTBALL/SOCCER LICENSED','','805306-660','690553','tcha23',786),(4,'667617','SB DF SOLID POCKET TEE','IN WORK','','','','SKATEBOARDING','','667617-677','750303','lpeart',787),(4,'821946','SB LOGO TEE','IN WORK','','','','SKATEBOARDING','','821946-453','750301','dwalk6',788),(4,'707861','SB FTM CHINO PANT','IN WORK','','','','SKATEBOARDING','','707861-364','750962','dwalk6',789),(4,'707862','AS SB FTM CHINO PANT','IN WORK','','','','SKATEBOARDING','','707862-364','750962','dwalk6',790),(4,'800187','M NK THRMA HOODIE FZ','IN WORK','','','','TRAINING','','800187-364','680946','gekdah',791),(4,'800187','M NK THRMA HOODIE FZ','IN WORK','','','','TRAINING','','800187-803','680946','gekdah',792),(4,'800187','M NK THRMA HOODIE FZ','IN WORK','','','','TRAINING','','800187-100','680946','gekdah',793),(4,'800187','M NK THRMA HOODIE FZ','IN WORK','','','','TRAINING','','800187-340','680946','gekdah',794),(4,'800188','AS M NK THRMA HOODIE FZ','IN WORK','','','','TRAINING','','800188-340','680946','gekdah',795),(4,'800188','AS M NK THRMA HOODIE FZ','IN WORK','','','','TRAINING','','800188-100','680946','gekdah',796),(4,'800188','AS M NK THRMA HOODIE FZ','IN WORK','','','','TRAINING','','800188-803','680946','gekdah',797),(4,'800188','AS M NK THRMA HOODIE FZ','IN WORK','','','','TRAINING','','800188-364','680946','gekdah',798),(4,'800185','M NK THRMA TOP LS QZ','IN WORK','','','','TRAINING','','800185-340','680951','gekdah',799),(4,'800185','M NK THRMA TOP LS QZ','IN WORK','','','','TRAINING','','800185-547','680951','gekdah',800),(4,'800185','M NK THRMA TOP LS QZ','IN WORK','','','','TRAINING','','800185-657','680951','gekdah',801),(4,'800186','AS M NK THRMA TOP LS QZ','IN WORK','','','','TRAINING','','800186-657','680951','gekdah',802),(4,'800186','AS M NK THRMA TOP LS QZ','IN WORK','','','','TRAINING','','800186-340','680951','gekdah',803),(4,'800186','AS M NK THRMA TOP LS QZ','IN WORK','','','','TRAINING','','800186-547','680951','gekdah',804),(4,'800191','M NK THRMA PANT REGULAR','IN WORK','','','','TRAINING','','800191-404','680956','gekdah',805),(4,'800191','M NK THRMA PANT REGULAR','IN WORK','','','','TRAINING','','800191-340','680956','gekdah',806),(4,'800192','AS M NK THRMA PANT REGULAR','IN WORK','','','','TRAINING','','800192-340','680956','gekdah',807),(4,'800192','AS M NK THRMA PANT REGULAR','IN WORK','','','','TRAINING','','800192-404','680956','gekdah',808),(4,'800193','M NK THRMA PANT TAPER','IN WORK','','','','TRAINING','','800193-677','680959','gekdah',809),(4,'800193','M NK THRMA PANT TAPER','IN WORK','','','','TRAINING','','800193-364','680959','gekdah',810),(4,'800194','AS M NK THRMA PANT TAPER','IN WORK','','','','TRAINING','','800194-677','680959','gekdah',811),(4,'800194','AS M NK THRMA PANT TAPER','IN WORK','','','','TRAINING','','800194-364','680959','gekdah',812),(4,'800203','M NK DRY TOP SS TOUCH PLUS','IN WORK','','','','TRAINING','','800203-803','680968','mgalla',813),(4,'800203','M NK DRY TOP SS TOUCH PLUS','IN WORK','','','','TRAINING','','800203-340','680968','mgalla',814),(4,'800204','AS M NK DRY TOP SS TOUCH PLUS','IN WORK','','','','TRAINING','','800204-803','680968','mgalla',815),(4,'800204','AS M NK DRY TOP SS TOUCH PLUS','IN WORK','','','','TRAINING','','800204-340','680968','mgalla',816),(4,'800197','M NK DRY SHORT 8IN LEGACY','IN WORK','','','','TRAINING','','800197-340','680973','mgalla',817),(4,'800198','AS M NK DRY SHORT 8IN LEGACY','IN WORK','','','','TRAINING','','800198-340','680973','mgalla',818),(4,'807761','M NK THRMA SPHR JKT FZ','IN WORK','','','','TRAINING','','807761-340','694535','gekdah',819),(4,'807762','AS M NK THRMA SPHR JKT FZ','IN WORK','','','','TRAINING','','807762-340','694535','gekdah',820),(4,'811166','M TOP SS TOUCH PLUS  GFX','IN WORK','','','','TRAINING','','811166-842','704387','mgalla',821),(4,'811166','M TOP SS TOUCH PLUS  GFX','IN WORK','','','','TRAINING','','811166-657','704387','mgalla',822),(4,'811166','M TOP SS TOUCH PLUS  GFX','IN WORK','','','','TRAINING','','811166-404','704387','mgalla',823),(4,'811166','M TOP SS TOUCH PLUS  GFX','IN WORK','','','','TRAINING','','811166-547','704387','mgalla',824),(4,'811166','M TOP SS TOUCH PLUS  GFX','IN WORK','','','','TRAINING','','811166-681','704387','mgalla',825),(4,'811166','M TOP SS TOUCH PLUS  GFX','IN WORK','','','','TRAINING','','811166-340','704387','mgalla',826),(4,'811167','AS M TOP SS TOUCH PLUS  GFX','IN WORK','','','','TRAINING','','811167-404','704387','mgalla',827),(4,'811167','AS M TOP SS TOUCH PLUS  GFX','IN WORK','','','','TRAINING','','811167-547','704387','mgalla',828),(4,'811167','AS M TOP SS TOUCH PLUS  GFX','IN WORK','','','','TRAINING','','811167-340','704387','mgalla',829),(4,'811167','AS M TOP SS TOUCH PLUS  GFX','IN WORK','','','','TRAINING','','811167-681','704387','mgalla',830),(4,'811167','AS M TOP SS TOUCH PLUS  GFX','IN WORK','','','','TRAINING','','811167-657','704387','mgalla',831),(4,'811167','AS M TOP SS TOUCH PLUS  GFX','IN WORK','','','','TRAINING','','811167-842','704387','mgalla',832),(4,'800143','SB EVERETT GRAPHIC FZ HOODIE','IN WORK','','','','SKATEBOARDING','','800143-011','681528','dwalk6',833),(4,'800143','SB EVERETT GRAPHIC FZ HOODIE','IN WORK','','','','SKATEBOARDING','','800143-064','681528','dwalk6',834),(4,'800144','AS SB EVERETT GRAPHIC FZ HOODI','IN WORK','','','','SKATEBOARDING','','800144-064','681528','dwalk6',835),(4,'800144','AS SB EVERETT GRAPHIC FZ HOODI','IN WORK','','','','SKATEBOARDING','','800144-011','681528','dwalk6',836),(4,'823586','SB EVERETT GRAPHIC PANT','IN WORK','','','','SKATEBOARDING','','823586-063','738572','dwalk6',837),(4,'823587','AS SB EVERETT GRAPHIC PANT','IN WORK','','','','SKATEBOARDING','','823587-063','738572','dwalk6',838),(4,'823588','SB BOLT COACHES JACKET','IN WORK','','','','SKATEBOARDING','','823588-151','738577','dwalk6',839),(4,'823588','SB BOLT COACHES JACKET','IN WORK','','','','SKATEBOARDING','','823588-677','738577','dwalk6',840),(4,'823589','AS SB BOLT COACHES JACKET','IN WORK','','','','SKATEBOARDING','','823589-677','738577','dwalk6',841),(4,'823589','AS SB BOLT COACHES JACKET','IN WORK','','','','SKATEBOARDING','','823589-151','738577','dwalk6',842),(4,'800969','SB HOLGATE PLAID WOVEN LS','IN WORK','','','','SKATEBOARDING','','800969-353','681726','dwalk6',843),(4,'800970','AS SB HOLGATE PLAID WOVEN LS','IN WORK','','','','SKATEBOARDING','','800970-353','681726','dwalk6',844),(4,'827282','NIKE TANK-EMBRD FUTURA','IN WORK','','','','ATHLETIC DEPARTMENT','','827282-443','772468','kfarm2',845),(4,'827282','NIKE TANK-EMBRD FUTURA','IN WORK','','','','ATHLETIC DEPARTMENT','','827282-658','772468','kfarm2',846),(4,'827282','NIKE TANK-EMBRD FUTURA','IN WORK','','','','ATHLETIC DEPARTMENT','','827282-424','772468','kfarm2',847),(4,'827282','NIKE TANK-EMBRD FUTURA','IN WORK','','','','ATHLETIC DEPARTMENT','','827282-677','772468','kfarm2',848),(4,'827283','AS NIKE TANK-EMBRD FUTURA','IN WORK','','','','ATHLETIC DEPARTMENT','','827283-658','772468','kfarm2',849),(4,'827283','AS NIKE TANK-EMBRD FUTURA','IN WORK','','','','ATHLETIC DEPARTMENT','','827283-443','772468','kfarm2',850),(4,'827283','AS NIKE TANK-EMBRD FUTURA','IN WORK','','','','ATHLETIC DEPARTMENT','','827283-677','772468','kfarm2',851),(4,'827283','AS NIKE TANK-EMBRD FUTURA','IN WORK','','','','ATHLETIC DEPARTMENT','','827283-424','772468','kfarm2',852),(4,'696699','M NSW TOP CHEST SWOOSH','IN WORK','','','','ATHLETIC DEPARTMENT','','696699-663','690361','kfarm2',853),(4,'696700','AS M NSW TOP CHEST SWOOSH','IN WORK','','','','ATHLETIC DEPARTMENT','','696700-663','690361','kfarm2',854),(4,'827021','NIKE TEE-CORE EMBRD FUTURA','IN WORK','','','','ATHLETIC DEPARTMENT','','827021-443','772469','kfarm2',855),(4,'827021','NIKE TEE-CORE EMBRD FUTURA','IN WORK','','','','ATHLETIC DEPARTMENT','','827021-066','772469','kfarm2',856),(4,'827021','NIKE TEE-CORE EMBRD FUTURA','IN WORK','','','','ATHLETIC DEPARTMENT','','827021-658','772469','kfarm2',857),(4,'827021','NIKE TEE-CORE EMBRD FUTURA','IN WORK','','','','ATHLETIC DEPARTMENT','','827021-014','772469','kfarm2',858),(4,'827021','NIKE TEE-CORE EMBRD FUTURA','IN WORK','','','','ATHLETIC DEPARTMENT','','827021-424','772469','kfarm2',859),(4,'827022','AS NIKE TEE-CORE EMBRD FUTURA','IN WORK','','','','ATHLETIC DEPARTMENT','','827022-443','772469','kfarm2',860),(4,'827022','AS NIKE TEE-CORE EMBRD FUTURA','IN WORK','','','','ATHLETIC DEPARTMENT','','827022-014','772469','kfarm2',861),(4,'827022','AS NIKE TEE-CORE EMBRD FUTURA','IN WORK','','','','ATHLETIC DEPARTMENT','','827022-066','772469','kfarm2',862),(4,'827022','AS NIKE TEE-CORE EMBRD FUTURA','IN WORK','','','','ATHLETIC DEPARTMENT','','827022-424','772469','kfarm2',863),(4,'827023','NIKE TEE-V NECK EMBRD FUTURA','IN WORK','','','','ATHLETIC DEPARTMENT','','827023-678','772470','kfarm2',864),(4,'827023','NIKE TEE-V NECK EMBRD FUTURA','IN WORK','','','','ATHLETIC DEPARTMENT','','827023-443','772470','kfarm2',865),(4,'827023','NIKE TEE-V NECK EMBRD FUTURA','IN WORK','','','','ATHLETIC DEPARTMENT','','827023-423','772470','kfarm2',866),(4,'827023','NIKE TEE-V NECK EMBRD FUTURA','IN WORK','','','','ATHLETIC DEPARTMENT','','827023-658','772470','kfarm2',867),(4,'827024','AS NIKE TEE-V NECK EMBRD FUTUR','IN WORK','','','','ATHLETIC DEPARTMENT','','827024-443','772470','kfarm2',868),(4,'827024','AS NIKE TEE-V NECK EMBRD FUTUR','IN WORK','','','','ATHLETIC DEPARTMENT','','827024-658','772470','kfarm2',869),(4,'827024','AS NIKE TEE-V NECK EMBRD FUTUR','IN WORK','','','','ATHLETIC DEPARTMENT','','827024-423','772470','kfarm2',870),(4,'827024','AS NIKE TEE-V NECK EMBRD FUTUR','IN WORK','','','','ATHLETIC DEPARTMENT','','827024-678','772470','kfarm2',871),(4,'804181','NIKE TANK- VARSITY 72 RACER','IN WORK','','','','ATHLETIC DEPARTMENT','','804181-508','689488','hcross',872),(4,'804182','AS NIKE TANK- VARSITY 72 RACER','IN WORK','','','','ATHLETIC DEPARTMENT','','804182-508','689488','hcross',873),(4,'800119','LBJ M NK HPRELT SHORT','IN WORK','','','','BASKETBALL','','800119-364','677782','isonne',874),(4,'824395','LBJ M WINTERIZED PANT','IN WORK','','','','BASKETBALL','','824395-141','744261','isonne',875),(4,'824395','LBJ M WINTERIZED PANT','IN WORK','','','','BASKETBALL','','824395-392','744261','isonne',876),(4,'824396','AS LBJ M WINTERIZED PANT','IN WORK','','','','BASKETBALL','','824396-392','744261','isonne',877),(4,'824396','AS LBJ M WINTERIZED PANT','IN WORK','','','','BASKETBALL','','824396-141','744261','isonne',878),(4,'800120','AS LBJ M NK HPRELT SHORT','IN WORK','','','','BASKETBALL','','800120-364','677782','isonne',879),(4,'806345','DB ALWAYS REPPIN TEE','IN WORK','','','','TRAINING','','806345-046','692073','mgalla',880),(4,'806347','AS DB ALWAYS REPPIN TEE','IN WORK','','','','TRAINING','','806347-046','692073','mgalla',881),(4,'806319','DFCT STACK PLATES TEE','IN WORK','','','','TRAINING','','806319-480','692039','mgalla',882),(4,'806321','AS DFCT STACK PLATES TEE','IN WORK','','','','TRAINING','','806321-480','692039','mgalla',883),(4,'821833','LEGEND MESH SWOOSH TEE','IN WORK','','','','TRAINING','','821833-703','767565','mgalla',884),(4,'821833','LEGEND MESH SWOOSH TEE','IN WORK','','','','TRAINING','','821833-422','767565','mgalla',885),(4,'821833','LEGEND MESH SWOOSH TEE','IN WORK','','','','TRAINING','','821833-658','767565','mgalla',886),(4,'821833','LEGEND MESH SWOOSH TEE','IN WORK','','','','TRAINING','','821833-547','767565','mgalla',887),(4,'821833','LEGEND MESH SWOOSH TEE','IN WORK','','','','TRAINING','','821833-803','767565','mgalla',888),(4,'821834','AS LEGEND MESH SWOOSH TEE','IN WORK','','','','TRAINING','','821834-658','767565','mgalla',889),(4,'821834','AS LEGEND MESH SWOOSH TEE','IN WORK','','','','TRAINING','','821834-803','767565','mgalla',890),(4,'821834','AS LEGEND MESH SWOOSH TEE','IN WORK','','','','TRAINING','','821834-703','767565','mgalla',891),(4,'821834','AS LEGEND MESH SWOOSH TEE','IN WORK','','','','TRAINING','','821834-547','767565','mgalla',892),(4,'821834','AS LEGEND MESH SWOOSH TEE','IN WORK','','','','TRAINING','','821834-422','767565','mgalla',893),(4,'800059','KD M NK FLX HPRELT PANT CUFF','IN WORK','','','','BASKETBALL','','800059-464','780616','isonne',894),(4,'800060','AS KD M NK FLX HPRLT PANT CUFF','IN WORK','','','','BASKETBALL','','800060-464','780616','isonne',895),(4,'827021','NIKE TEE-CORE EMBRD FUTURA','IN WORK','','','','ATHLETIC DEPARTMENT','','827021-067','772469','kfarm2',896),(4,'827022','AS NIKE TEE-CORE EMBRD FUTURA','IN WORK','','','','ATHLETIC DEPARTMENT','','827022-067','772469','kfarm2',897),(4,'646191','NIKE TENNIS HEADBAND','IN WORK','','','','TENNIS','','646191-414','683061','mwhi23',898),(4,'646191','NIKE TENNIS HEADBAND','IN WORK','','','','TENNIS','','646191-449','683061','mwhi23',899),(4,'646191','NIKE TENNIS HEADBAND','IN WORK','','','','TENNIS','','646191-046','683061','mwhi23',900),(4,'646191','NIKE TENNIS HEADBAND','IN WORK','','','','TENNIS','','646191-640','683061','mwhi23',901),(4,'806343','DB ENGINEERED DROP HEM TEE','IN WORK','','','','TRAINING','','806343-696','692071','mgalla',902),(4,'806344','AS DB ENGINEERED DROP HEM TEE','IN WORK','','','','TRAINING','','806344-696','692071','mgalla',903),(4,'806346','DB JDI STAIRS PHOTO TEE','IN WORK','','','','TRAINING','','806346-422','692072','mgalla',904),(4,'806348','AS DB JDI STAIRS PHOTO TEE','IN WORK','','','','TRAINING','','806348-422','692072','mgalla',905),(4,'806310','DFCT LENTICULAR 365247 TEE','IN WORK','','','','TRAINING','','806310-842','692036','mgalla',906),(4,'806313','AS DFCT LENTICULAR 365247 TEE','IN WORK','','','','TRAINING','','806313-842','692036','mgalla',907),(4,'806311','DFCT JDI STACK TOPO FIL TEE','IN WORK','','','','TRAINING','','806311-340','692035','mgalla',908),(4,'806314','AS DFCT JDI STACK TOPO FIL TEE','IN WORK','','','','TRAINING','','806314-340','692035','mgalla',909),(4,'840374','EM CLUB LEGGING LOGO 2','IN WORK','','','','NIKE SPORTSWEAR','','840374-010','810225','ncalom',910),(4,'706625','DRI-FIT SS VERSION 2.0 TEE','IN WORK','','','','TRAINING','','706625-046','754176','mgalla',911),(4,'706625','DRI-FIT SS VERSION 2.0 TEE','IN WORK','','','','TRAINING','','706625-409','754176','mgalla',912),(4,'706625','DRI-FIT SS VERSION 2.0 TEE','IN WORK','','','','TRAINING','','706625-340','754176','mgalla',913),(4,'706626','AS DRI-FIT SS VERSION 2.0 TEE','IN WORK','','','','TRAINING','','706626-340','754176','mgalla',914),(4,'706626','AS DRI-FIT SS VERSION 2.0 TEE','IN WORK','','','','TRAINING','','706626-046','754176','mgalla',915),(4,'706626','AS DRI-FIT SS VERSION 2.0 TEE','IN WORK','','','','TRAINING','','706626-409','754176','mgalla',916),(4,'829598','NIKE TEE-NIKE VERTICAL','IN WORK','','','','NIKE SPORTSWEAR','','829598-418','756903','hcross',917),(4,'829599','AS NIKE TEE-NIKE VERTICAL','IN WORK','','','','NIKE SPORTSWEAR','','829599-418','756903','hcross',918),(4,'804130','NIKE TEE-FUTURA SCOOP','IN WORK','','','','NIKE SPORTSWEAR','','804130-850','756756','hcross',919),(4,'804130','NIKE TEE-FUTURA SCOOP','IN WORK','','','','NIKE SPORTSWEAR','','804130-101','756756','hcross',920),(4,'804130','NIKE TEE-FUTURA SCOOP','IN WORK','','','','NIKE SPORTSWEAR','','804130-418','756756','hcross',921),(4,'804131','AS NIKE TEE-FUTURA SCOOP','IN WORK','','','','NIKE SPORTSWEAR','','804131-418','756756','hcross',922),(4,'804131','AS NIKE TEE-FUTURA SCOOP','IN WORK','','','','NIKE SPORTSWEAR','','804131-850','756756','hcross',923),(4,'804131','AS NIKE TEE-FUTURA SCOOP','IN WORK','','','','NIKE SPORTSWEAR','','804131-101','756756','hcross',924),(4,'841539','NIKELAB ESSENTIALS BRA','IN WORK','','','','NIKELAB','','841539-133','809201','aalva6',925),(4,'841539','NIKELAB ESSENTIALS BRA','IN WORK','','','','NIKELAB','','841539-010','809201','aalva6',926),(4,'841592','NIKELAB ESSENTIALS TOP','IN WORK','','','','NIKELAB','','841592-010','810894','aalva6',927),(4,'841592','NIKELAB ESSENTIALS TOP','IN WORK','','','','NIKELAB','','841592-133','810894','aalva6',928),(4,'836011','M NK DRY SHORT FLY TALI STATIC','IN WORK','','','','TRAINING','','836011-100','767687','mgalla',929),(4,'836011','M NK DRY SHORT FLY TALI STATIC','IN WORK','','','','TRAINING','','836011-842','767687','mgalla',930),(4,'836012','AS M NK DRY SHORT FLY TALI STA','IN WORK','','','','TRAINING','','836012-842','767687','mgalla',931),(4,'836012','AS M NK DRY SHORT FLY TALI STA','IN WORK','','','','TRAINING','','836012-100','767687','mgalla',932),(4,'829578','NIKELAB ACG CARGO PANT','IN WORK','','','','NIKE SPORTSWEAR','','829578-325','810895','aalva6',933),(4,'GB0418','NIKE MVP PRO','IN WORK','','','','BASEBALL','','GB0418-616','691337','jmarvi',934),(4,'GB0418','NIKE MVP PRO','IN WORK','','','','BASEBALL','','GB0418-703','691337','jmarvi',935),(4,'GB0418','NIKE MVP PRO','IN WORK','','','','BASEBALL','','GB0418-435','691337','jmarvi',936),(4,'GB0418','NIKE MVP PRO','IN WORK','','','','BASEBALL','','GB0418-657','691337','jmarvi',937),(4,'GB0418','NIKE MVP PRO','IN WORK','','','','BASEBALL','','GB0418-480','691337','jmarvi',938),(4,'GB0418','NIKE MVP PRO','IN WORK','','','','BASEBALL','','GB0418-010','691337','jmarvi',939),(4,'GB0418','NIKE MVP PRO','IN WORK','','','','BASEBALL','','GB0418-007','691337','jmarvi',940),(4,'GB0418','NIKE MVP PRO','IN WORK','','','','BASEBALL','','GB0418-103','691337','jmarvi',941),(4,'GB0419','NIKE HUARACHE EDGE YOUTH','IN WORK','','','','BASEBALL','','GB0419-480','691338','jmarvi',942),(4,'GB0419','NIKE HUARACHE EDGE YOUTH','IN WORK','','','','BASEBALL','','GB0419-010','691338','jmarvi',943),(4,'GB0419','NIKE HUARACHE EDGE YOUTH','IN WORK','','','','BASEBALL','','GB0419-435','691338','jmarvi',944),(4,'GB0419','NIKE HUARACHE EDGE YOUTH','IN WORK','','','','BASEBALL','','GB0419-703','691338','jmarvi',945),(4,'GB0419','NIKE HUARACHE EDGE YOUTH','IN WORK','','','','BASEBALL','','GB0419-702','691338','jmarvi',946),(4,'GB0419','NIKE HUARACHE EDGE YOUTH','IN WORK','','','','BASEBALL','','GB0419-007','691338','jmarvi',947),(4,'GB0419','NIKE HUARACHE EDGE YOUTH','IN WORK','','','','BASEBALL','','GB0419-657','691338','jmarvi',948),(4,'GB0419','NIKE HUARACHE EDGE YOUTH','IN WORK','','','','BASEBALL','','GB0419-103','691338','jmarvi',949),(4,'GB0419','NIKE HUARACHE EDGE YOUTH','IN WORK','','','','BASEBALL','','GB0419-616','691338','jmarvi',950),(4,'804094','NIKE TEE-ROSTARR NIKE','IN WORK','','','','NIKE SPORTSWEAR','','804094-681','689352','hcross',951),(4,'804094','NIKE TEE-ROSTARR NIKE','IN WORK','','','','NIKE SPORTSWEAR','','804094-423','689352','hcross',952),(4,'804094','NIKE TEE-ROSTARR NIKE','IN WORK','','','','NIKE SPORTSWEAR','','804094-091','689352','hcross',953),(4,'804095','AS NIKE TEE-ROSTARR NIKE','IN WORK','','','','NIKE SPORTSWEAR','','804095-423','689352','hcross',954),(4,'804095','AS NIKE TEE-ROSTARR NIKE','IN WORK','','','','NIKE SPORTSWEAR','','804095-681','689352','hcross',955),(4,'804095','AS NIKE TEE-ROSTARR NIKE','IN WORK','','','','NIKE SPORTSWEAR','','804095-091','689352','hcross',956),(4,'810856','M NSW SYNTHETIC HD JKT','IN WORK','','','','NIKE SPORTSWEAR','','810856-451','703621','kfarm2',957),(4,'810855','AS M NSW SYNTHETIC HD JKT','IN WORK','','','','NIKE SPORTSWEAR','','810855-451','703621','kfarm2',958),(4,'840737','LBJ OPEN HEM FLEECE SHORT','IN WORK','','','','BASKETBALL','','840737-066','785216','isonne',959),(4,'840737','LBJ OPEN HEM FLEECE SHORT','IN WORK','','','','BASKETBALL','','840737-011','785216','isonne',960),(4,'840738','AS LBJ OPEN HEM FLEECE SHORT','IN WORK','','','','BASKETBALL','','840738-066','785216','isonne',961),(4,'840738','AS LBJ OPEN HEM FLEECE SHORT','IN WORK','','','','BASKETBALL','','840738-011','785216','isonne',962),(4,'844639','M NK THRMA HOODIE HO GFX','IN WORK','','','','TRAINING','','844639-010','793216','gekdah',963),(4,'844639','M NK THRMA HOODIE HO GFX','IN WORK','','','','TRAINING','','844639-455','793216','gekdah',964),(4,'844639','M NK THRMA HOODIE HO GFX','IN WORK','','','','TRAINING','','844639-071','793216','gekdah',965),(4,'844639','M NK THRMA HOODIE HO GFX','IN WORK','','','','TRAINING','','844639-364','793216','gekdah',966),(4,'844639','M NK THRMA HOODIE HO GFX','IN WORK','','','','TRAINING','','844639-547','793216','gekdah',967),(4,'844639','M NK THRMA HOODIE HO GFX','IN WORK','','','','TRAINING','','844639-842','793216','gekdah',968),(4,'844640','AS M NK THRMA HOODIE HO GFX','IN WORK','','','','TRAINING','','844640-455','793216','gekdah',969),(4,'844640','AS M NK THRMA HOODIE HO GFX','IN WORK','','','','TRAINING','','844640-010','793216','gekdah',970),(4,'844640','AS M NK THRMA HOODIE HO GFX','IN WORK','','','','TRAINING','','844640-547','793216','gekdah',971),(4,'844640','AS M NK THRMA HOODIE HO GFX','IN WORK','','','','TRAINING','','844640-071','793216','gekdah',972),(4,'844640','AS M NK THRMA HOODIE HO GFX','IN WORK','','','','TRAINING','','844640-842','793216','gekdah',973),(4,'844640','AS M NK THRMA HOODIE HO GFX','IN WORK','','','','TRAINING','','844640-364','793216','gekdah',974),(4,'832864','M TOP SS ESSENTIAL','IN WORK','','','','TRAINING','','832864-842','793218','mgalla',975),(4,'832864','M TOP SS ESSENTIAL','IN WORK','','','','TRAINING','','832864-422','793218','mgalla',976),(4,'832864','M TOP SS ESSENTIAL','IN WORK','','','','TRAINING','','832864-657','793218','mgalla',977),(4,'832864','M TOP SS ESSENTIAL','IN WORK','','','','TRAINING','','832864-701','793218','mgalla',978),(4,'832864','M TOP SS ESSENTIAL','IN WORK','','','','TRAINING','','832864-046','793218','mgalla',979),(4,'832864','M TOP SS ESSENTIAL','IN WORK','','','','TRAINING','','832864-540','793218','mgalla',980),(4,'832864','M TOP SS ESSENTIAL','IN WORK','','','','TRAINING','','832864-043','793218','mgalla',981),(4,'832864','M TOP SS ESSENTIAL','IN WORK','','','','TRAINING','','832864-010','793218','mgalla',982),(4,'832864','M TOP SS ESSENTIAL','IN WORK','','','','TRAINING','','832864-340','793218','mgalla',983),(4,'832864','M TOP SS ESSENTIAL','IN WORK','','','','TRAINING','','832864-803','793218','mgalla',984),(4,'832864','M TOP SS ESSENTIAL','IN WORK','','','','TRAINING','','832864-677','793218','mgalla',985),(4,'833433','AS M TOP SS ESSENTIAL','IN WORK','','','','TRAINING','','833433-340','793218','mgalla',986),(4,'833433','AS M TOP SS ESSENTIAL','IN WORK','','','','TRAINING','','833433-010','793218','mgalla',987),(4,'833433','AS M TOP SS ESSENTIAL','IN WORK','','','','TRAINING','','833433-046','793218','mgalla',988),(4,'833433','AS M TOP SS ESSENTIAL','IN WORK','','','','TRAINING','','833433-043','793218','mgalla',989),(4,'833433','AS M TOP SS ESSENTIAL','IN WORK','','','','TRAINING','','833433-540','793218','mgalla',990),(4,'833433','AS M TOP SS ESSENTIAL','IN WORK','','','','TRAINING','','833433-657','793218','mgalla',991),(4,'833433','AS M TOP SS ESSENTIAL','IN WORK','','','','TRAINING','','833433-803','793218','mgalla',992),(4,'833433','AS M TOP SS ESSENTIAL','IN WORK','','','','TRAINING','','833433-677','793218','mgalla',993),(4,'833433','AS M TOP SS ESSENTIAL','IN WORK','','','','TRAINING','','833433-842','793218','mgalla',994),(4,'833433','AS M TOP SS ESSENTIAL','IN WORK','','','','TRAINING','','833433-701','793218','mgalla',995),(4,'833433','AS M TOP SS ESSENTIAL','IN WORK','','','','TRAINING','','833433-422','793218','mgalla',996),(4,'832862','M HOODIE LS ESSENTIAL','IN WORK','','','','TRAINING','','832862-455','793219','mgalla',997),(4,'832862','M HOODIE LS ESSENTIAL','IN WORK','','','','TRAINING','','832862-842','793219','mgalla',998),(4,'832862','M HOODIE LS ESSENTIAL','IN WORK','','','','TRAINING','','832862-046','793219','mgalla',999),(4,'832862','M HOODIE LS ESSENTIAL','IN WORK','','','','TRAINING','','832862-422','793219','mgalla',1000),(4,'832862','M HOODIE LS ESSENTIAL','IN WORK','','','','TRAINING','','832862-340','793219','mgalla',1001),(4,'832862','M HOODIE LS ESSENTIAL','IN WORK','','','','TRAINING','','832862-701','793219','mgalla',1002),(4,'832862','M HOODIE LS ESSENTIAL','IN WORK','','','','TRAINING','','832862-677','793219','mgalla',1003),(4,'832862','M HOODIE LS ESSENTIAL','IN WORK','','','','TRAINING','','832862-043','793219','mgalla',1004),(4,'832862','M HOODIE LS ESSENTIAL','IN WORK','','','','TRAINING','','832862-657','793219','mgalla',1005),(4,'832862','M HOODIE LS ESSENTIAL','IN WORK','','','','TRAINING','','832862-010','793219','mgalla',1006),(4,'832862','M HOODIE LS ESSENTIAL','IN WORK','','','','TRAINING','','832862-803','793219','mgalla',1007),(4,'832862','M HOODIE LS ESSENTIAL','IN WORK','','','','TRAINING','','832862-540','793219','mgalla',1008),(4,'833425','AS M HOODIE LS ESSENTIAL','IN WORK','','','','TRAINING','','833425-340','793219','mgalla',1009),(4,'833425','AS M HOODIE LS ESSENTIAL','IN WORK','','','','TRAINING','','833425-657','793219','mgalla',1010),(4,'833425','AS M HOODIE LS ESSENTIAL','IN WORK','','','','TRAINING','','833425-677','793219','mgalla',1011),(4,'833425','AS M HOODIE LS ESSENTIAL','IN WORK','','','','TRAINING','','833425-046','793219','mgalla',1012),(4,'833425','AS M HOODIE LS ESSENTIAL','IN WORK','','','','TRAINING','','833425-803','793219','mgalla',1013),(4,'833425','AS M HOODIE LS ESSENTIAL','IN WORK','','','','TRAINING','','833425-043','793219','mgalla',1014),(4,'833425','AS M HOODIE LS ESSENTIAL','IN WORK','','','','TRAINING','','833425-010','793219','mgalla',1015),(4,'833425','AS M HOODIE LS ESSENTIAL','IN WORK','','','','TRAINING','','833425-701','793219','mgalla',1016),(4,'833425','AS M HOODIE LS ESSENTIAL','IN WORK','','','','TRAINING','','833425-540','793219','mgalla',1017),(4,'833425','AS M HOODIE LS ESSENTIAL','IN WORK','','','','TRAINING','','833425-422','793219','mgalla',1018),(4,'833425','AS M HOODIE LS ESSENTIAL','IN WORK','','','','TRAINING','','833425-842','793219','mgalla',1019),(4,'833425','AS M HOODIE LS ESSENTIAL','IN WORK','','','','TRAINING','','833425-455','793219','mgalla',1020),(4,'806761','KYRIE ART 1','IN WORK','','','','BASKETBALL','','806761-046','692507','isonne',1021),(4,'806762','AS KYRIE ART 1','IN WORK','','','','BASKETBALL','','806762-046','692507','isonne',1022),(4,'828655','DFCT TALI STATIC SWOOSH TEE','IN WORK','','','','TRAINING','','828655-010','754604','mgalla',1023),(4,'828656','AS DFCT TALI STATIC SWOOSH TEE','IN WORK','','','','TRAINING','','828656-010','754604','mgalla',1024),(4,'728679','NIKE TECH KNIT TOP','IN WORK','','','','NIKE SPORTSWEAR','','728679-025','798144','hcross',1025),(4,'728679','NIKE TECH KNIT TOP','IN WORK','','','','NIKE SPORTSWEAR','','728679-530','798144','hcross',1026),(4,'728680','AS NIKE TECH KNIT TOP','IN WORK','','','','NIKE SPORTSWEAR','','728680-530','798144','hcross',1027),(4,'728680','AS NIKE TECH KNIT TOP','IN WORK','','','','NIKE SPORTSWEAR','','728680-025','798144','hcross',1028),(4,'729397','NIKE TECH KNIT POCKET TEE','IN WORK','','','','NIKE SPORTSWEAR','','729397-014','701937','tschre',1029),(4,'729397','NIKE TECH KNIT POCKET TEE','IN WORK','','','','NIKE SPORTSWEAR','','729397-013','701937','tschre',1030),(4,'729398','AS NIKE TECH KNIT POCKET TEE','IN WORK','','','','NIKE SPORTSWEAR','','729398-014','701937','tschre',1031),(4,'729398','AS NIKE TECH KNIT POCKET TEE','IN WORK','','','','NIKE SPORTSWEAR','','729398-013','701937','tschre',1032),(4,'806105','SB WAVE RIPPLE TEE','IN WORK','','','','SKATEBOARDING','','806105-060','691716','dwalk6',1033),(4,'806106','AS SB WAVE RIPPLE TEE','IN WORK','','','','SKATEBOARDING','','806106-060','691716','dwalk6',1034),(4,'845518','NIKE TEE-BC PAISLEY AOP','IN WORK','','','','NIKE SPORTSWEAR','','845518-010','798962','hcross',1035),(4,'845518','NIKE TEE-BC PAISLEY AOP','IN WORK','','','','NIKE SPORTSWEAR','','845518-681','798962','hcross',1036),(4,'845518','NIKE TEE-BC PAISLEY AOP','IN WORK','','','','NIKE SPORTSWEAR','','845518-100','798962','hcross',1037),(4,'845519','AS NIKE TEE-BC PAISLEY AOP','IN WORK','','','','NIKE SPORTSWEAR','','845519-010','798962','hcross',1038),(4,'845519','AS NIKE TEE-BC PAISLEY AOP','IN WORK','','','','NIKE SPORTSWEAR','','845519-100','798962','hcross',1039),(4,'845519','AS NIKE TEE-BC PAISLEY AOP','IN WORK','','','','NIKE SPORTSWEAR','','845519-681','798962','hcross',1040),(4,'845520','NIKE TEE-BC ONE OF ONE','IN WORK','','','','NIKE SPORTSWEAR','','845520-010','798963','hcross',1041),(4,'845520','NIKE TEE-BC ONE OF ONE','IN WORK','','','','NIKE SPORTSWEAR','','845520-850','798963','hcross',1042),(4,'845520','NIKE TEE-BC ONE OF ONE','IN WORK','','','','NIKE SPORTSWEAR','','845520-100','798963','hcross',1043),(4,'845520','NIKE TEE-BC ONE OF ONE','IN WORK','','','','NIKE SPORTSWEAR','','845520-063','798963','hcross',1044),(4,'845520','NIKE TEE-BC ONE OF ONE','IN WORK','','','','NIKE SPORTSWEAR','','845520-524','798963','hcross',1045),(4,'845521','AS NIKE TEE-BC ONE OF ONE','IN WORK','','','','NIKE SPORTSWEAR','','845521-524','798963','hcross',1046),(4,'845521','AS NIKE TEE-BC ONE OF ONE','IN WORK','','','','NIKE SPORTSWEAR','','845521-063','798963','hcross',1047),(4,'845521','AS NIKE TEE-BC ONE OF ONE','IN WORK','','','','NIKE SPORTSWEAR','','845521-010','798963','hcross',1048),(4,'845521','AS NIKE TEE-BC ONE OF ONE','IN WORK','','','','NIKE SPORTSWEAR','','845521-100','798963','hcross',1049),(4,'845521','AS NIKE TEE-BC ONE OF ONE','IN WORK','','','','NIKE SPORTSWEAR','','845521-850','798963','hcross',1050),(4,'845522','NIKE TEE-SWOOSH LIFE','IN WORK','','','','NIKE SPORTSWEAR','','845522-010','798964','hcross',1051),(4,'845522','NIKE TEE-SWOOSH LIFE','IN WORK','','','','NIKE SPORTSWEAR','','845522-524','798964','hcross',1052),(4,'845522','NIKE TEE-SWOOSH LIFE','IN WORK','','','','NIKE SPORTSWEAR','','845522-063','798964','hcross',1053),(4,'845522','NIKE TEE-SWOOSH LIFE','IN WORK','','','','NIKE SPORTSWEAR','','845522-100','798964','hcross',1054),(4,'845523','AS NIKE TEE-SWOOSH LIFE','IN WORK','','','','NIKE SPORTSWEAR','','845523-524','798964','hcross',1055),(4,'845523','AS NIKE TEE-SWOOSH LIFE','IN WORK','','','','NIKE SPORTSWEAR','','845523-100','798964','hcross',1056),(4,'845523','AS NIKE TEE-SWOOSH LIFE','IN WORK','','','','NIKE SPORTSWEAR','','845523-063','798964','hcross',1057),(4,'845523','AS NIKE TEE-SWOOSH LIFE','IN WORK','','','','NIKE SPORTSWEAR','','845523-010','798964','hcross',1058),(4,'845527','NIKE TEE-IKAT CREW','IN WORK','','','','ATHLETIC DEPARTMENT','','845527-508','798965','hcross',1059),(4,'845527','NIKE TEE-IKAT CREW','IN WORK','','','','ATHLETIC DEPARTMENT','','845527-100','798965','hcross',1060),(4,'845527','NIKE TEE-IKAT CREW','IN WORK','','','','ATHLETIC DEPARTMENT','','845527-063','798965','hcross',1061),(4,'845527','NIKE TEE-IKAT CREW','IN WORK','','','','ATHLETIC DEPARTMENT','','845527-010','798965','hcross',1062),(4,'845524','NIKE TEE-NORTHERN LIGHTS BF','IN WORK','','','','ATHLETIC DEPARTMENT','','845524-524','798967','hcross',1063),(4,'845524','NIKE TEE-NORTHERN LIGHTS BF','IN WORK','','','','ATHLETIC DEPARTMENT','','845524-010','798967','hcross',1064),(4,'845524','NIKE TEE-NORTHERN LIGHTS BF','IN WORK','','','','ATHLETIC DEPARTMENT','','845524-100','798967','hcross',1065),(4,'845524','NIKE TEE-NORTHERN LIGHTS BF','IN WORK','','','','ATHLETIC DEPARTMENT','','845524-063','798967','hcross',1066),(4,'845528','NIKE TEE-BF 24HR FUTURA','IN WORK','','','','ATHLETIC DEPARTMENT','','845528-063','798968','hcross',1067),(4,'845528','NIKE TEE-BF 24HR FUTURA','IN WORK','','','','ATHLETIC DEPARTMENT','','845528-524','798968','hcross',1068),(4,'845528','NIKE TEE-BF 24HR FUTURA','IN WORK','','','','ATHLETIC DEPARTMENT','','845528-010','798968','hcross',1069),(4,'845528','NIKE TEE-BF 24HR FUTURA','IN WORK','','','','ATHLETIC DEPARTMENT','','845528-100','798968','hcross',1070),(4,'845528','NIKE TEE-BF 24HR FUTURA','IN WORK','','','','ATHLETIC DEPARTMENT','','845528-850','798968','hcross',1071),(4,'845525','AS NIKE TEE-NORTHERN LIGHTS BF','IN WORK','','','','ATHLETIC DEPARTMENT','','845525-010','798967','hcross',1072),(4,'845525','AS NIKE TEE-NORTHERN LIGHTS BF','IN WORK','','','','ATHLETIC DEPARTMENT','','845525-063','798967','hcross',1073),(4,'845525','AS NIKE TEE-NORTHERN LIGHTS BF','IN WORK','','','','ATHLETIC DEPARTMENT','','845525-100','798967','hcross',1074),(4,'845525','AS NIKE TEE-NORTHERN LIGHTS BF','IN WORK','','','','ATHLETIC DEPARTMENT','','845525-524','798967','hcross',1075),(4,'845526','AS NIKE TEE-IKAT CREW','IN WORK','','','','ATHLETIC DEPARTMENT','','845526-100','798965','hcross',1076),(4,'845526','AS NIKE TEE-IKAT CREW','IN WORK','','','','ATHLETIC DEPARTMENT','','845526-508','798965','hcross',1077),(4,'845526','AS NIKE TEE-IKAT CREW','IN WORK','','','','ATHLETIC DEPARTMENT','','845526-063','798965','hcross',1078),(4,'845526','AS NIKE TEE-IKAT CREW','IN WORK','','','','ATHLETIC DEPARTMENT','','845526-010','798965','hcross',1079),(4,'845529','AS NIKE TEE-BF 24HR FUTURA','IN WORK','','','','ATHLETIC DEPARTMENT','','845529-010','798968','hcross',1080),(4,'845529','AS NIKE TEE-BF 24HR FUTURA','IN WORK','','','','ATHLETIC DEPARTMENT','','845529-100','798968','hcross',1081),(4,'845529','AS NIKE TEE-BF 24HR FUTURA','IN WORK','','','','ATHLETIC DEPARTMENT','','845529-850','798968','hcross',1082),(4,'845529','AS NIKE TEE-BF 24HR FUTURA','IN WORK','','','','ATHLETIC DEPARTMENT','','845529-063','798968','hcross',1083),(4,'845529','AS NIKE TEE-BF 24HR FUTURA','IN WORK','','','','ATHLETIC DEPARTMENT','','845529-524','798968','hcross',1084),(4,'826718','AS EM TS CRKT HITMARK FLCE VES','IN WORK','','','','CRICKET','','826718-410','750887','ncalom',1085),(4,'821947','AS SB LOGO TEE','IN WORK','','','','SKATEBOARDING','','821947-453','750301','dwalk6',1086),(4,'826717','AS EM TS CRKT HITMARK LS FLCE','IN WORK','','','','CRICKET','','826717-410','750885','ncalom',1087),(4,'826716','AS EM TS CRKT HITMARK WVN JACK','IN WORK','','','','CRICKET','','826716-133','793298','ncalom',1088),(4,'806821','SB CH 1 TEE','IN WORK','','','','SKATEBOARDING','','806821-060','692158','dwalk6',1089),(4,'806822','AS SB CH 1 TEE','IN WORK','','','','SKATEBOARDING','','806822-060','692158','dwalk6',1090),(4,'835951','PINNACLE SECURITY JACKET','IN WORK','','','','JORDAN OFF CRT BBALL','','835951-010','767456','jruud',1091),(4,'835952','AS PINNACLE SECURITY JACKET','IN WORK','','','','JORDAN OFF CRT BBALL','','835952-010','767456','jruud',1092),(4,'GB0413','NIKE MVP ELITE','IN WORK','','','','BASEBALL','','GB0413-007','691342','jmarvi',1093),(4,'847465','LEGEND 3/4 RAGLAN TEE','IN WORK','','','','TRAINING','','847465-688','804827','mgalla',1094),(4,'847465','LEGEND 3/4 RAGLAN TEE','IN WORK','','','','TRAINING','','847465-480','804827','mgalla',1095),(4,'847465','LEGEND 3/4 RAGLAN TEE','IN WORK','','','','TRAINING','','847465-100','804827','mgalla',1096),(4,'847465','LEGEND 3/4 RAGLAN TEE','IN WORK','','','','TRAINING','','847465-010','804827','mgalla',1097),(4,'847465','LEGEND 3/4 RAGLAN TEE','IN WORK','','','','TRAINING','','847465-657','804827','mgalla',1098),(4,'847465','LEGEND 3/4 RAGLAN TEE','IN WORK','','','','TRAINING','','847465-063','804827','mgalla',1099),(4,'847466','AS LEGEND 3/4 RAGLAN TEE','IN WORK','','','','TRAINING','','847466-657','804827','mgalla',1100),(4,'847466','AS LEGEND 3/4 RAGLAN TEE','IN WORK','','','','TRAINING','','847466-010','804827','mgalla',1101),(4,'847466','AS LEGEND 3/4 RAGLAN TEE','IN WORK','','','','TRAINING','','847466-063','804827','mgalla',1102),(4,'847466','AS LEGEND 3/4 RAGLAN TEE','IN WORK','','','','TRAINING','','847466-480','804827','mgalla',1103),(4,'847466','AS LEGEND 3/4 RAGLAN TEE','IN WORK','','','','TRAINING','','847466-100','804827','mgalla',1104),(4,'847466','AS LEGEND 3/4 RAGLAN TEE','IN WORK','','','','TRAINING','','847466-688','804827','mgalla',1105),(4,'838144','EM RAPIDO 2.0 SS VNECK','IN WORK','','','','RUNNING','','838144-842','807245','ncalom',1106),(4,'744552','EM NIKE ESSENTIAL CROP','IN WORK','','','','RUNNING','','744552-364','744560','ncalom',1107),(4,'838144','EM RAPIDO 2.0 SS VNECK','IN WORK','','','','RUNNING','','838144-387','807245','ncalom',1108),(4,'833310','M NK THRMA HOODIE PO ESSENTIAL','IN WORK','','','','TRAINING','','833310-547','767910','gekdah',1109),(4,'833310','M NK THRMA HOODIE PO ESSENTIAL','IN WORK','','','','TRAINING','','833310-842','767910','gekdah',1110),(4,'833310','M NK THRMA HOODIE PO ESSENTIAL','IN WORK','','','','TRAINING','','833310-404','767910','gekdah',1111),(4,'833310','M NK THRMA HOODIE PO ESSENTIAL','IN WORK','','','','TRAINING','','833310-340','767910','gekdah',1112),(4,'833311','AS M NK THRMA HOODIE PO ESSENT','IN WORK','','','','TRAINING','','833311-547','767910','gekdah',1113),(4,'833311','AS M NK THRMA HOODIE PO ESSENT','IN WORK','','','','TRAINING','','833311-340','767910','gekdah',1114),(4,'833311','AS M NK THRMA HOODIE PO ESSENT','IN WORK','','','','TRAINING','','833311-842','767910','gekdah',1115),(4,'833311','AS M NK THRMA HOODIE PO ESSENT','IN WORK','','','','TRAINING','','833311-404','767910','gekdah',1116),(4,'836087','M NK THRMA HOODIE SQUALZR LOGO','IN WORK','','','','TRAINING','','836087-842','767904','gekdah',1117),(4,'836087','M NK THRMA HOODIE SQUALZR LOGO','IN WORK','','','','TRAINING','','836087-404','767904','gekdah',1118),(4,'836087','M NK THRMA HOODIE SQUALZR LOGO','IN WORK','','','','TRAINING','','836087-340','767904','gekdah',1119),(4,'836088','AS M NK THRMA HOODIE SQUALZR L','IN WORK','','','','TRAINING','','836088-404','767904','gekdah',1120),(4,'836088','AS M NK THRMA HOODIE SQUALZR L','IN WORK','','','','TRAINING','','836088-340','767904','gekdah',1121),(4,'836088','AS M NK THRMA HOODIE SQUALZR L','IN WORK','','','','TRAINING','','836088-842','767904','gekdah',1122),(4,'836089','M NK THRMA HOODIE OLYMPIC','IN WORK','','','','TRAINING','','836089-702','767903','gekdah',1123),(4,'836089','M NK THRMA HOODIE OLYMPIC','IN WORK','','','','TRAINING','','836089-404','767903','gekdah',1124),(4,'836090','AS M NK THRMA HOODIE OLYMPIC','IN WORK','','','','TRAINING','','836090-404','767903','gekdah',1125),(4,'836090','AS M NK THRMA HOODIE OLYMPIC','IN WORK','','','','TRAINING','','836090-702','767903','gekdah',1126),(4,'836093','M NK THRMA HOODIE SS ESSENTIAL','IN WORK','','','','TRAINING','','836093-404','767906','gekdah',1127),(4,'836093','M NK THRMA HOODIE SS ESSENTIAL','IN WORK','','','','TRAINING','','836093-364','767906','gekdah',1128),(4,'836093','M NK THRMA HOODIE SS ESSENTIAL','IN WORK','','','','TRAINING','','836093-842','767906','gekdah',1129),(4,'836094','AS M NK THRMA HOODIE SS ESSENT','IN WORK','','','','TRAINING','','836094-364','767906','gekdah',1130),(4,'836094','AS M NK THRMA HOODIE SS ESSENT','IN WORK','','','','TRAINING','','836094-404','767906','gekdah',1131),(4,'836094','AS M NK THRMA HOODIE SS ESSENT','IN WORK','','','','TRAINING','','836094-842','767906','gekdah',1132),(4,'SX5441','NSW WOMENS -SOLID CREW','IN WORK','','','','SOCKS','','SX5441-424','748753','sneund',1133),(4,'844635','M NK THRMA HOODIE 6M GFX1','IN WORK','','','','TRAINING','','844635-451','793214','gekdah',1134),(4,'844635','M NK THRMA HOODIE 6M GFX1','IN WORK','','','','TRAINING','','844635-340','793214','gekdah',1135),(4,'844636','AS M NK THRMA HOODIE 6M GFX1','IN WORK','','','','TRAINING','','844636-340','793214','gekdah',1136),(4,'844636','AS M NK THRMA HOODIE 6M GFX1','IN WORK','','','','TRAINING','','844636-451','793214','gekdah',1137),(4,'844637','M NK THRMA HOODIE 6M GFX2','IN WORK','','','','TRAINING','','844637-100','793215','gekdah',1138),(4,'844637','M NK THRMA HOODIE 6M GFX2','IN WORK','','','','TRAINING','','844637-404','793215','gekdah',1139),(4,'844637','M NK THRMA HOODIE 6M GFX2','IN WORK','','','','TRAINING','','844637-046','793215','gekdah',1140),(4,'844638','AS M NK THRMA HOODIE 6M GFX2','IN WORK','','','','TRAINING','','844638-046','793215','gekdah',1141),(4,'844638','AS M NK THRMA HOODIE 6M GFX2','IN WORK','','','','TRAINING','','844638-404','793215','gekdah',1142),(4,'844638','AS M NK THRMA HOODIE 6M GFX2','IN WORK','','','','TRAINING','','844638-100','793215','gekdah',1143),(4,'844635','M NK THRMA HOODIE 6M GFX1','IN WORK','','','','TRAINING','','844635-681','793214','gekdah',1144),(4,'844635','M NK THRMA HOODIE 6M GFX1','IN WORK','','','','TRAINING','','844635-803','793214','gekdah',1145),(4,'844636','AS M NK THRMA HOODIE 6M GFX1','IN WORK','','','','TRAINING','','844636-681','793214','gekdah',1146),(4,'844636','AS M NK THRMA HOODIE 6M GFX1','IN WORK','','','','TRAINING','','844636-803','793214','gekdah',1147),(4,'836515','M NK THRMA TOP LS QZ ESSENTIAL','IN WORK','','','','TRAINING','','836515-404','770499','gekdah',1148),(4,'836515','M NK THRMA TOP LS QZ ESSENTIAL','IN WORK','','','','TRAINING','','836515-547','770499','gekdah',1149),(4,'836515','M NK THRMA TOP LS QZ ESSENTIAL','IN WORK','','','','TRAINING','','836515-842','770499','gekdah',1150),(4,'836515','M NK THRMA TOP LS QZ ESSENTIAL','IN WORK','','','','TRAINING','','836515-455','770499','gekdah',1151),(4,'836515','M NK THRMA TOP LS QZ ESSENTIAL','IN WORK','','','','TRAINING','','836515-340','770499','gekdah',1152),(4,'836516','AS M NK THRMA TOP LS QZ ESSENT','IN WORK','','','','TRAINING','','836516-404','770499','gekdah',1153),(4,'836516','AS M NK THRMA TOP LS QZ ESSENT','IN WORK','','','','TRAINING','','836516-340','770499','gekdah',1154),(4,'836516','AS M NK THRMA TOP LS QZ ESSENT','IN WORK','','','','TRAINING','','836516-455','770499','gekdah',1155),(4,'836516','AS M NK THRMA TOP LS QZ ESSENT','IN WORK','','','','TRAINING','','836516-547','770499','gekdah',1156),(4,'836516','AS M NK THRMA TOP LS QZ ESSENT','IN WORK','','','','TRAINING','','836516-842','770499','gekdah',1157),(4,'848719','NIKELAB ESSNTLS TR BS TP','IN WORK','','','','NIKELAB','','848719-010','809202','aalva6',1158),(4,'848722','NIKELAB ESSNTLS TR TGT','IN WORK','','','','NIKELAB','','848722-010','809204','aalva6',1159),(4,'848727','NIKELAB ESSENTIALS OVERCOAT','IN WORK','','','','NIKELAB','','848727-010','809207','aalva6',1160),(4,'848729','NIKELAB ESSENTIALS LS TOP','IN WORK','','','','NIKELAB','','848729-010','809212','aalva6',1161),(4,'848731','NIKELAB ESSENTIALS FZ HOODIE','IN WORK','','','','NIKELAB','','848731-050','809214','aalva6',1162),(4,'848731','NIKELAB ESSENTIALS FZ HOODIE','IN WORK','','','','NIKELAB','','848731-032','809214','aalva6',1163),(4,'848733','NIKELAB ESSENTIALS TEE DRESS','IN WORK','','','','NIKELAB','','848733-010','809245','aalva6',1164),(4,'848735','NIKELAB ESSENTIALS CREW','IN WORK','','','','NIKELAB','','848735-010','809278','aalva6',1165),(4,'848739','NIKELAB ESSNTLS PADDED VEST','IN WORK','','','','NIKELAB','','848739-010','809280','aalva6',1166),(4,'848741','NIKELAB ESSENTIALS TOP','IN WORK','','','','NIKELAB','','848741-010','809281','aalva6',1167),(4,'848741','NIKELAB ESSENTIALS TOP','IN WORK','','','','NIKELAB','','848741-133','809281','aalva6',1168),(4,'848743','NIKELAB ESSENTIALS PO HOODIE','IN WORK','','','','NIKELAB','','848743-032','809282','aalva6',1169),(4,'848743','NIKELAB ESSENTIALS PO HOODIE','IN WORK','','','','NIKELAB','','848743-050','809282','aalva6',1170),(4,'848745','NIKELAB ESSENTIALS INSL JKT','IN WORK','','','','NIKELAB','','848745-010','809283','aalva6',1171),(4,'848952','LEGEND TANK','IN WORK','','','','TRAINING','','848952-446','809778','mgalla',1172),(4,'848952','LEGEND TANK','IN WORK','','','','TRAINING','','848952-677','809778','mgalla',1173),(4,'848952','LEGEND TANK','IN WORK','','','','TRAINING','','848952-010','809778','mgalla',1174),(4,'848952','LEGEND TANK','IN WORK','','','','TRAINING','','848952-451','809778','mgalla',1175),(4,'848952','LEGEND TANK','IN WORK','','','','TRAINING','','848952-011','809778','mgalla',1176),(4,'848952','LEGEND TANK','IN WORK','','','','TRAINING','','848952-063','809778','mgalla',1177),(4,'848952','LEGEND TANK','IN WORK','','','','TRAINING','','848952-100','809778','mgalla',1178),(4,'848952','LEGEND TANK','IN WORK','','','','TRAINING','','848952-480','809778','mgalla',1179),(4,'848952','LEGEND TANK','IN WORK','','','','TRAINING','','848952-091','809778','mgalla',1180),(4,'848952','LEGEND TANK','IN WORK','','','','TRAINING','','848952-399','809778','mgalla',1181),(4,'848952','LEGEND TANK','IN WORK','','','','TRAINING','','848952-687','809778','mgalla',1182),(4,'848953','AS LEGEND TANK','IN WORK','','','','TRAINING','','848953-063','809778','mgalla',1183),(4,'848953','AS LEGEND TANK','IN WORK','','','','TRAINING','','848953-451','809778','mgalla',1184),(4,'848953','AS LEGEND TANK','IN WORK','','','','TRAINING','','848953-677','809778','mgalla',1185),(4,'848953','AS LEGEND TANK','IN WORK','','','','TRAINING','','848953-480','809778','mgalla',1186),(4,'848953','AS LEGEND TANK','IN WORK','','','','TRAINING','','848953-399','809778','mgalla',1187),(4,'848953','AS LEGEND TANK','IN WORK','','','','TRAINING','','848953-100','809778','mgalla',1188),(4,'848953','AS LEGEND TANK','IN WORK','','','','TRAINING','','848953-687','809778','mgalla',1189),(4,'848953','AS LEGEND TANK','IN WORK','','','','TRAINING','','848953-011','809778','mgalla',1190),(4,'848953','AS LEGEND TANK','IN WORK','','','','TRAINING','','848953-010','809778','mgalla',1191),(4,'848953','AS LEGEND TANK','IN WORK','','','','TRAINING','','848953-091','809778','mgalla',1192),(4,'848953','AS LEGEND TANK','IN WORK','','','','TRAINING','','848953-446','809778','mgalla',1193),(4,'707520','DRI-FIT LS VERSION 2.0 TEE','IN WORK','','','','TRAINING','','707520-051','810049','mgalla',1194),(4,'707520','DRI-FIT LS VERSION 2.0 TEE','IN WORK','','','','TRAINING','','707520-032','810049','mgalla',1195),(4,'707520','DRI-FIT LS VERSION 2.0 TEE','IN WORK','','','','TRAINING','','707520-473','810049','mgalla',1196),(4,'707521','AS DRI-FIT LS VERSION 2.0 TEE','IN WORK','','','','TRAINING','','707521-051','810049','mgalla',1197),(4,'707521','AS DRI-FIT LS VERSION 2.0 TEE','IN WORK','','','','TRAINING','','707521-473','810049','mgalla',1198),(4,'707521','AS DRI-FIT LS VERSION 2.0 TEE','IN WORK','','','','TRAINING','','707521-032','810049','mgalla',1199),(4,'707520','DRI-FIT LS VERSION 2.0 TEE','IN WORK','','','','TRAINING','','707520-405','810049','mgalla',1200),(4,'707520','DRI-FIT LS VERSION 2.0 TEE','IN WORK','','','','TRAINING','','707520-046','810049','mgalla',1201),(4,'707521','AS DRI-FIT LS VERSION 2.0 TEE','IN WORK','','','','TRAINING','','707521-046','810049','mgalla',1202),(4,'707521','AS DRI-FIT LS VERSION 2.0 TEE','IN WORK','','','','TRAINING','','707521-405','810049','mgalla',1203),(4,'707520','DRI-FIT LS VERSION 2.0 TEE','IN WORK','','','','TRAINING','','707520-681','810049','mgalla',1204),(4,'707521','AS DRI-FIT LS VERSION 2.0 TEE','IN WORK','','','','TRAINING','','707521-681','810049','mgalla',1205),(4,'848952','LEGEND TANK','IN WORK','','','','TRAINING','','848952-681','809778','mgalla',1206),(4,'848952','LEGEND TANK','IN WORK','','','','TRAINING','','848952-674','809778','mgalla',1207),(4,'848953','AS LEGEND TANK','IN WORK','','','','TRAINING','','848953-674','809778','mgalla',1208),(4,'848953','AS LEGEND TANK','IN WORK','','','','TRAINING','','848953-681','809778','mgalla',1209),(4,'847465','LEGEND 3/4 RAGLAN TEE','IN WORK','','','','TRAINING','','847465-547','804827','mgalla',1210),(4,'847465','LEGEND 3/4 RAGLAN TEE','IN WORK','','','','TRAINING','','847465-046','804827','mgalla',1211),(4,'847465','LEGEND 3/4 RAGLAN TEE','IN WORK','','','','TRAINING','','847465-340','804827','mgalla',1212),(4,'847466','AS LEGEND 3/4 RAGLAN TEE','IN WORK','','','','TRAINING','','847466-340','804827','mgalla',1213),(4,'847466','AS LEGEND 3/4 RAGLAN TEE','IN WORK','','','','TRAINING','','847466-046','804827','mgalla',1214),(4,'847466','AS LEGEND 3/4 RAGLAN TEE','IN WORK','','','','TRAINING','','847466-547','804827','mgalla',1215),(4,'810524','EM NIKE LEG-A-SEE LOGO','IN WORK','','','','NIKE SPORTSWEAR','','810524-091','751477','ncalom',1216),(4,'840374','EM CLUB LEGGING LOGO 2','IN WORK','','','','NIKE SPORTSWEAR','','840374-064','810225','ncalom',1217),(4,'706625','DRI-FIT SS VERSION 2.0 TEE','IN WORK','','','','TRAINING','','706625-408','754176','mgalla',1218),(4,'706625','DRI-FIT SS VERSION 2.0 TEE','IN WORK','','','','TRAINING','','706625-681','754176','mgalla',1219),(4,'706626','AS DRI-FIT SS VERSION 2.0 TEE','IN WORK','','','','TRAINING','','706626-408','754176','mgalla',1220),(4,'706626','AS DRI-FIT SS VERSION 2.0 TEE','IN WORK','','','','TRAINING','','706626-681','754176','mgalla',1221),(4,'836000','M NK DRY SHORT FLY SEQUALZR LG','IN WORK','','','','TRAINING','','836000-012','767633','mgalla',1222),(4,'836000','M NK DRY SHORT FLY SEQUALZR LG','IN WORK','','','','TRAINING','','836000-540','767633','mgalla',1223),(4,'836000','M NK DRY SHORT FLY SEQUALZR LG','IN WORK','','','','TRAINING','','836000-046','767633','mgalla',1224),(4,'836000','M NK DRY SHORT FLY SEQUALZR LG','IN WORK','','','','TRAINING','','836000-422','767633','mgalla',1225),(4,'836001','AS M NK DRY SHORT FLY SEQUALZR','IN WORK','','','','TRAINING','','836001-540','767633','mgalla',1226),(4,'836001','AS M NK DRY SHORT FLY SEQUALZR','IN WORK','','','','TRAINING','','836001-046','767633','mgalla',1227),(4,'836001','AS M NK DRY SHORT FLY SEQUALZR','IN WORK','','','','TRAINING','','836001-012','767633','mgalla',1228),(4,'836001','AS M NK DRY SHORT FLY SEQUALZR','IN WORK','','','','TRAINING','','836001-422','767633','mgalla',1229),(4,'829578','NIKELAB ACG CARGO PANT','IN WORK','','','','NIKE SPORTSWEAR','','829578-065','810895','aalva6',1230),(4,'849751','NIKELAB ESSENTIALS SKIRT','IN WORK','','','','NIKELAB','','849751-032','811598','aalva6',1231),(4,'849786','NIKELAB ESSNTLS TR LONG SHORT','IN WORK','','','','NIKELAB','','849786-010','811849','aalva6',1232),(4,'849789','NIKELAB ESSNTLS TR BL LS TOP','IN WORK','','','','NIKELAB','','849789-011','811857','aalva6',1233),(4,'849791','NIKELAB ESSENTIALS TR BL TOP','IN WORK','','','','NIKELAB','','849791-133','811866','aalva6',1234),(4,'849791','NIKELAB ESSENTIALS TR BL TOP','IN WORK','','','','NIKELAB','','849791-010','811866','aalva6',1235),(4,'849795','NIKELAB ESSNTLS TR HYB TGHT','IN WORK','','','','NIKELAB','','849795-010','811874','aalva6',1236),(4,'849796','NIKELAB ESSENTIALS TR TIGHT','IN WORK','','','','NIKELAB','','849796-010','811878','aalva6',1237),(4,'849796','NIKELAB ESSENTIALS TR TIGHT','IN WORK','','','','NIKELAB','','849796-013','811878','aalva6',1238),(4,'849799','NIKELAB ESSNTLS UTILITY PANT','IN WORK','','','','NIKELAB','','849799-010','811879','aalva6',1239),(4,'849801','NIKELAB ESSENTIALS TOP','IN WORK','','','','NIKELAB','','849801-010','811882','aalva6',1240),(4,'845524','NIKE TEE-NORTHERN LIGHTS BF','IN WORK','','','','ATHLETIC DEPARTMENT','','845524-850','798967','hcross',1241),(4,'845524','NIKE TEE-NORTHERN LIGHTS BF','IN WORK','','','','ATHLETIC DEPARTMENT','','845524-677','798967','hcross',1242),(4,'845525','AS NIKE TEE-NORTHERN LIGHTS BF','IN WORK','','','','ATHLETIC DEPARTMENT','','845525-677','798967','hcross',1243),(4,'845525','AS NIKE TEE-NORTHERN LIGHTS BF','IN WORK','','','','ATHLETIC DEPARTMENT','','845525-850','798967','hcross',1244),(4,'845527','NIKE TEE-IKAT CREW','IN WORK','','','','ATHLETIC DEPARTMENT','','845527-367','798965','hcross',1245),(4,'845527','NIKE TEE-IKAT CREW','IN WORK','','','','ATHLETIC DEPARTMENT','','845527-850','798965','hcross',1246),(4,'845526','AS NIKE TEE-IKAT CREW','IN WORK','','','','ATHLETIC DEPARTMENT','','845526-850','798965','hcross',1247),(4,'845526','AS NIKE TEE-IKAT CREW','IN WORK','','','','ATHLETIC DEPARTMENT','','845526-367','798965','hcross',1248),(4,'845522','NIKE TEE-SWOOSH LIFE','IN WORK','','','','NIKE SPORTSWEAR','','845522-850','798964','hcross',1249),(4,'845523','AS NIKE TEE-SWOOSH LIFE','IN WORK','','','','NIKE SPORTSWEAR','','845523-850','798964','hcross',1250),(4,'849839','NIKELAB ESSENTIALS PUFFER','IN WORK','','','','NIKELAB','','849839-010','811958','aalva6',1251),(4,'SX5723','OHIO STATE DIGITAL PRINT HL','IN WORK','','','','SOCKS','','SX5723-657','812322','sneund',1252),(4,'SX5724','OREGON DIGITAL PRINT HL','IN WORK','','','','SOCKS','','SX5724-333','812323','sneund',1253),(4,'SX5725','SYRACUSE DIGITAL PRINT HL','IN WORK','','','','SOCKS','','SX5725-891','812325','sneund',1254),(4,'SX5726','TENNESSEE DIGITAL PRINT HL','IN WORK','','','','SOCKS','','SX5726-873','812326','sneund',1255),(4,'PSX459','PROMO TENNIS CREW RF (L)','IN WORK','','','','SOCKS','','PSX459-524','813422','sneund',1256),(4,'PSX455','PROMO TENNIS CREW RN GD (L)','IN WORK','','','','SOCKS','','PSX455-856','813424','sneund',1257),(4,'848597','M NK THRMA PANT TAPERED NIKE','IN WORK','','','','TRAINING','','848597-364','808710','gekdah',1258),(4,'848597','M NK THRMA PANT TAPERED NIKE','IN WORK','','','','TRAINING','','848597-340','808710','gekdah',1259),(4,'848597','M NK THRMA PANT TAPERED NIKE','IN WORK','','','','TRAINING','','848597-404','808710','gekdah',1260),(4,'848598','AS M NK THRMA PANT TAPERED NIK','IN WORK','','','','TRAINING','','848598-404','808710','gekdah',1261),(4,'848598','AS M NK THRMA PANT TAPERED NIK','IN WORK','','','','TRAINING','','848598-364','808710','gekdah',1262),(4,'848598','AS M NK THRMA PANT TAPERED NIK','IN WORK','','','','TRAINING','','848598-340','808710','gekdah',1263),(4,'842833','THOMPSON BRO ORGANIC CTN TEE','IN WORK','','','','TRAINING','','842833-100','789575','sbarn6',1264),(4,'839148','NIKE TRIBUTE VARSITY JACKET','IN WORK','','','','NIKE SPORTSWEAR','','839148-022','816372','mtalak',1265),(4,'839148','NIKE TRIBUTE VARSITY JACKET','IN WORK','','','','NIKE SPORTSWEAR','','839148-423','816372','mtalak',1266),(4,'683906','NIKE ELEMENT SPHERE HZ','IN WORK','','','','RUNNING','','683906-065','816955','dhick4',1267),(4,'683907','AS NIKE ELEMENT SPHERE HZ','IN WORK','','','','RUNNING','','683907-065','816955','dhick4',1268),(4,'853779','NIKELAB ESSENTIALS FLEECE CREW','IN WORK','','','','NIKELAB','','853779-032','818798','aalva6',1269),(4,'853779','NIKELAB ESSENTIALS FLEECE CREW','IN WORK','','','','NIKELAB','','853779-050','818798','aalva6',1270),(4,'853780','NIKELAB ESSENTIALS FZ FLEECE','IN WORK','','','','NIKELAB','','853780-050','818799','aalva6',1271),(4,'853780','NIKELAB ESSENTIALS FZ FLEECE','IN WORK','','','','NIKELAB','','853780-032','818799','aalva6',1272),(4,'853781','NIKELAB ESSENTIALS FLEECE PANT','IN WORK','','','','NIKELAB','','853781-050','818800','aalva6',1273),(4,'853781','NIKELAB ESSENTIALS FLEECE PANT','IN WORK','','','','NIKELAB','','853781-032','818800','aalva6',1274),(4,'853794','NIKELAB ESSENTIALS FT PANT','IN WORK','','','','NIKELAB','','853794-032','818812','aalva6',1275),(4,'853794','NIKELAB ESSENTIALS FT PANT','IN WORK','','','','NIKELAB','','853794-050','818812','aalva6',1276),(4,'848733','NIKELAB ESSENTIALS TEE DRESS','IN WORK','','','','NIKELAB','','848733-133','809245','aalva6',1277),(4,'849795','NIKELAB ESSNTLS TR HYB TGHT','IN WORK','','','','NIKELAB','','849795-011','811874','aalva6',1278),(4,'SX5296','WOMEN\'S DRI FIT GYM CUSHIONED','IN WORK','','','','SOCKS','','SX5296-530','679199','sneund',1279);
/*!40000 ALTER TABLE `event_gtm_ready` ENABLE KEYS */;
UNLOCK TABLES;

--
-- Table structure for table `event_gtm_ready_summary`
--

DROP TABLE IF EXISTS `event_gtm_ready_summary`;
/*!40101 SET @saved_cs_client     = @@character_set_client */;
/*!40101 SET character_set_client = utf8 */;
CREATE TABLE `event_gtm_ready_summary` (
  `id_event_summary` int(11) NOT NULL AUTO_INCREMENT,
  `total_products` int(11) DEFAULT NULL,
  `ready_products` int(11) DEFAULT NULL,
  `inwork_products` int(11) DEFAULT NULL,
  `business_event_id` int(11) DEFAULT NULL,
  `event_name` varchar(100) DEFAULT NULL,
  PRIMARY KEY (`id_event_summary`),
  KEY `business_event_fk_idx` (`business_event_id`),
  CONSTRAINT `business_event_fk` FOREIGN KEY (`business_event_id`) REFERENCES `business_event` (`business_event_id`) ON DELETE NO ACTION ON UPDATE NO ACTION
) ENGINE=InnoDB AUTO_INCREMENT=3 DEFAULT CHARSET=utf8 COMMENT='Table to hold high level details of the event';
/*!40101 SET character_set_client = @saved_cs_client */;

--
-- Dumping data for table `event_gtm_ready_summary`
--

LOCK TABLES `event_gtm_ready_summary` WRITE;
/*!40000 ALTER TABLE `event_gtm_ready_summary` DISABLE KEYS */;
INSERT INTO `event_gtm_ready_summary` VALUES (2,33641,32362,1279,4,'SP17_GTM_Ready_Event');
/*!40000 ALTER TABLE `event_gtm_ready_summary` ENABLE KEYS */;
UNLOCK TABLES;

--
-- Table structure for table `nrt_user`
--

DROP TABLE IF EXISTS `nrt_user`;
/*!40101 SET @saved_cs_client     = @@character_set_client */;
/*!40101 SET character_set_client = utf8 */;
CREATE TABLE `nrt_user` (
  `infyid` varchar(45) DEFAULT NULL,
  `password` varchar(96) DEFAULT NULL,
  `nikeid` varchar(45) DEFAULT NULL,
  `crtd_tmst` date DEFAULT NULL,
  `updt_tmst` date DEFAULT NULL,
  `role` varchar(45) DEFAULT NULL,
  `crtd_by` varchar(45) DEFAULT NULL,
  `updt_by` varchar(45) DEFAULT NULL,
  `status` varchar(45) DEFAULT NULL,
  `id` int(11) NOT NULL AUTO_INCREMENT,
  `fname` varchar(45) NOT NULL,
  `lname` varchar(45) NOT NULL,
  PRIMARY KEY (`id`)
) ENGINE=InnoDB AUTO_INCREMENT=179 DEFAULT CHARSET=utf8;
/*!40101 SET character_set_client = @saved_cs_client */;

--
-- Dumping data for table `nrt_user`
--

LOCK TABLES `nrt_user` WRITE;
/*!40000 ALTER TABLE `nrt_user` DISABLE KEYS */;
INSERT INTO `nrt_user` VALUES ('admin','3MfhkOAf1PBKlII+bTpVtg==','admin','2015-01-28','2015-09-08','Administrator','Administrator','admin','Y',119,'admin','admin'),('user','ZP8iLcIgrs/sPs5y2bS9GQ==','user','2015-02-06','2015-07-21','User','sainap','user','Y',133,'user','user'),('dsull1','l0M2C/Ot2Qw5SfSwbJdU8w==','dsull1','2015-09-08','2015-09-08','User','admin','admin','Y',168,'Dana','Sullivan'),('aware1','ns6AMBU9swTH52XYuUTtiA==','aware1','2015-09-08','2015-09-08','User','admin','admin','Y',169,'Allison','Ware'),('dclayt','i3/qGQiTJe5cwoZSnR75fw==','dclayt','2015-09-08','2015-09-08','User','admin','admin','Y',170,'Desiree','Clayton'),('scurre','A6/ET/HnKUgQvkqgNv9xaA==','scurre','2015-09-08','2015-09-08','User','admin','admin','Y',171,'Shari','Currey'),('syungk','vBxNR/V77cfnl7BKQbXX8w==','syungk','2015-09-08','2015-09-08','User','admin','admin','Y',172,'Sue','Yungkurth'),('sgraf1','HQTH/0Xv6lPkKZKxaApEzg==','sgraf1','2015-09-08','2015-09-08','User','admin','admin','Y',173,'Stephenie','Graf'),('tmeij2','tyH0JaE3tL0FoQGxX38XHQ==','tmeij2','2015-09-08','2015-09-08','User','admin','admin','Y',174,'Tyrone','Meijer'),('kboter','rIDhgziTcQgTfJjdAzwBUw==','kboter','2015-09-08','2015-09-08','User','admin','admin','Y',175,'Kirk','Botero'),('lremil','IoFaX2ztvgjAAoSXMynekQ==','lremil','2015-09-08','2015-09-08','User','admin','admin','Y',176,'Lisa','Remillard'),('kau','NsGX7c7Ym8iLaPp/8C2BGQ==','kau','2015-09-08','2015-09-08','User','admin','admin','Y',177,'Kylie','Au'),('tfanni','Pa9PhdWy20gZItNfhwdf0g==','tfanni','2015-12-07','2015-12-07','User','admin','admin','Y',178,'Fanning','Troy');
/*!40000 ALTER TABLE `nrt_user` ENABLE KEYS */;
UNLOCK TABLES;

--
-- Table structure for table `seasons`
--

DROP TABLE IF EXISTS `seasons`;
/*!40101 SET @saved_cs_client     = @@character_set_client */;
/*!40101 SET character_set_client = utf8 */;
CREATE TABLE `seasons` (
  `season_id` int(11) NOT NULL AUTO_INCREMENT,
  `season_name` varchar(45) DEFAULT NULL,
  PRIMARY KEY (`season_id`)
) ENGINE=InnoDB AUTO_INCREMENT=5 DEFAULT CHARSET=utf8 COMMENT='Master table for seasons';
/*!40101 SET character_set_client = @saved_cs_client */;

--
-- Dumping data for table `seasons`
--

LOCK TABLES `seasons` WRITE;
/*!40000 ALTER TABLE `seasons` DISABLE KEYS */;
INSERT INTO `seasons` VALUES (4,'SP17');
/*!40000 ALTER TABLE `seasons` ENABLE KEYS */;
UNLOCK TABLES;
/*!40103 SET TIME_ZONE=@OLD_TIME_ZONE */;

/*!40101 SET SQL_MODE=@OLD_SQL_MODE */;
/*!40014 SET FOREIGN_KEY_CHECKS=@OLD_FOREIGN_KEY_CHECKS */;
/*!40014 SET UNIQUE_CHECKS=@OLD_UNIQUE_CHECKS */;
/*!40101 SET CHARACTER_SET_CLIENT=@OLD_CHARACTER_SET_CLIENT */;
/*!40101 SET CHARACTER_SET_RESULTS=@OLD_CHARACTER_SET_RESULTS */;
/*!40101 SET COLLATION_CONNECTION=@OLD_COLLATION_CONNECTION */;
/*!40111 SET SQL_NOTES=@OLD_SQL_NOTES */;

-- Dump completed on 2016-04-24 23:15:38
